date,quarterly_close
2021-02-03,38664.1
2021-02-04,38328.3
2021-02-05,39848.1
2021-02-06,41245.1
2021-02-07,40592.0
2021-02-08,48946.5
2021-02-09,48922.2
2021-02-10,47261.5
2021-02-11,50824.9
2021-02-12,50232.5
2021-02-13,50071.1
2021-02-14,51738.4
2021-02-15,50815.0
2021-02-16,52111.9
2021-02-17,55612.5
2021-02-18,54481.4
2021-02-19,58598.0
2021-02-20,58277.5
2021-02-21,59954.8
2021-02-22,56512.3
2021-02-23,50848.8
2021-02-24,51504.1
2021-02-25,48682.0
2021-02-26,47569.4
2021-02-27,47432.4
2021-02-28,46023.1
2021-03-01,50698.0
2021-03-02,49414.5
2021-03-03,51345.1
2021-03-04,48981.7
2021-03-05,49418.6
2021-03-06,49497.5
2021-03-07,51799.6
2021-03-08,53194.0
2021-03-09,55873.7
2021-03-10,56935.2
2021-03-11,59048.3
2021-03-12,58231.5
2021-03-13,62791.0
2021-03-14,60288.5
2021-03-15,56251.5
2021-03-16,57588.0
2021-03-17,59544.9
2021-03-18,58069.5
2021-03-19,58476.7
2021-03-20,58407.1
2021-03-21,57586.1
2021-03-22,54249.7
2021-03-23,54451.1
2021-03-24,52322.6
2021-03-25,51506.3
2021-03-26,58031.3
2021-03-27,59332.3
2021-03-28,59269.2
2021-03-29,61740.9
2021-03-30,63283.5
2021-03-31,63605.2
2021-04-01,63553.3
2021-04-02,64000.4
2021-04-03,61546.8
2021-04-04,62840.0
2021-04-05,64650.7
2021-04-06,62870.3
2021-04-07,59873.5
2021-04-08,62632.3
2021-04-09,62743.5
2021-04-10,65711.2
2021-04-11,66158.2
2021-04-12,65551.0
2021-04-13,70340.5
2021-04-14,68573.4
2021-04-15,69033.1
2021-04-16,66314.8
2021-04-17,64481.3
2021-04-18,58866.7
2021-04-19,58539.9
2021-04-20,59077.1
2021-04-21,56238.2
2021-04-22,53714.5
2021-04-23,52706.3
2021-04-24,51621.1
2021-04-25,50739.6
2021-04-26,56074.7
2021-04-27,56994.8
2021-04-28,56941.1
2021-04-29,55473.2
2021-04-30,59952.5
2021-05-01,60185.5
2021-05-02,58668.0
2021-05-03,59287.8
2021-05-04,54704.4
2021-05-05,59828.5
2021-05-06,58422.9
2021-05-07,59261.5
2021-05-08,61436.3
2021-05-09,60571.8
2021-05-10,57642.0
2021-05-11,58613.1
2021-05-12,50782.8
2021-05-13,50980.6
2021-05-14,50991.4
2021-05-15,47729.9
2021-05-16,47333.1
2021-05-17,44396.3
2021-05-18,43473.3
2021-05-19,37082.5
2021-05-20,40952.7
2021-05-21,37547.4
2021-05-22,37724.9
2021-05-23,34935.9
2021-05-24,39070.4
2021-05-25,38698.4
2021-05-26,39551.9
2021-05-27,38774.3
2021-05-28,35819.9
2021-05-29,34685.9
2021-05-30,35760.3
2021-05-31,37468.9
2021-06-01,36981.6
2021-06-02,37840.5
2021-06-03,39481.0
2021-06-04,36989.0
2021-06-05,35520.7
2021-06-06,35812.1
2021-06-07,33548.9
2021-06-08,33358.4
2021-06-09,37473.0
2021-06-10,36857.9
2021-06-11,37492.6
2021-06-12,35646.0
2021-06-13,39149.0
2021-06-14,40619.8
2021-06-15,40243.9
2021-06-16,38402.7
2021-06-17,38176.2
2021-06-18,35861.6
2021-06-19,35494.8
2021-06-20,35583.8
2021-06-21,31618.9
2021-06-22,32492.3
2021-06-23,33734.0
2021-06-24,34686.9
2021-06-25,32022.5
2021-06-26,32624.0
2021-06-27,35049.6
2021-06-28,34941.7
2021-06-29,36345.2
2021-06-30,35490.6
2021-07-01,33863.6
2021-07-02,34111.3
2021-07-03,35001.7
2021-07-04,35587.8
2021-07-05,33954.1
2021-07-06,34558.8
2021-07-07,34147.7
2021-07-08,33117.9
2021-07-09,34183.5
2021-07-10,33776.2
2021-07-11,34703.4
2021-07-12,33472.9
2021-07-13,33024.6
2021-07-14,33038.0
2021-07-15,32083.6
2021-07-16,31538.6
2021-07-17,31675.4
2021-07-18,32018.7
2021-07-19,30907.3
2021-07-20,29863.8
2021-07-21,32314.8
2021-07-22,32447.3
2021-07-23,33848.9
2021-07-24,34546.7
2021-07-25,35702.4
2021-07-26,37525.5
2021-07-27,39828.8
2021-07-28,40426.3
2021-07-29,40469.5
2021-07-30,42694.0
2021-07-31,41912.7
2021-08-01,40207.3
2021-08-02,39532.3
2021-08-03,38553.1
2021-08-04,40116.8
2021-08-05,41281.6
2021-08-06,43267.9
2021-08-07,45023.5
2021-08-08,44229.5
2021-08-09,46777.0
2021-08-10,46027.5
2021-08-11,45923.8
2021-08-12,44803.5
2021-08-13,48403.6
2021-08-14,47600.5
2021-08-15,47469.3
2021-08-16,46294.1
2021-08-17,45059.2
2021-08-18,45047.8
2021-08-19,47253.8
2021-08-20,49786.3
2021-08-21,49253.3
2021-08-22,49769.5
2021-08-23,49958.2
2021-08-24,47981.2
2021-08-25,49368.1
2021-08-26,47098.4
2021-08-27,49438.0
2021-08-28,49273.0
2021-08-29,49062.6
2021-08-30,47261.3
2021-08-31,47416.7
2021-09-01,49181.7
2021-09-02,49666.0
2021-09-03,50448.5
2021-09-04,50307.8
2021-09-05,52268.9
2021-09-06,53199.9
2021-09-07,47056.4
2021-09-08,46177.0
2021-09-09,46517.0
2021-09-10,44925.9
2021-09-11,45283.2
2021-09-12,46113.4
2021-09-13,45003.9
2021-09-14,47176.2
2021-09-15,48162.4
2021-09-16,47831.8
2021-09-17,47372.9
2021-09-18,48337.3
2021-09-19,47283.4
2021-09-20,43052.2
2021-09-21,40796.4
2021-09-22,43561.6
2021-09-23,44809.9
2021-09-24,43542.6
2021-09-25,43407.4
2021-09-26,44073.8
2021-09-27,42922.1
2021-09-28,41705.3
2021-09-29,42214.9
2021-09-30,44668.9
2021-10-01,49161.9
2021-10-02,48643.6
2021-10-03,49325.1
2021-10-04,50461.2
2021-10-05,52764.5
2021-10-06,56710.1
2021-10-07,55176.4
2021-10-08,55367.1
2021-10-09,56531.6
2021-10-10,56221.0
2021-10-11,59422.9
2021-10-12,57771.7
2021-10-13,59275.1
2021-10-14,59246.0
2021-10-15,63806.6
2021-10-16,62823.8
2021-10-17,63691.6
2021-10-18,64146.9
2021-10-19,66514.4
2021-10-20,68726.2
2021-10-21,64596.8
2021-10-22,62900.6
2021-10-23,63577.1
2021-10-24,63073.5
2021-10-25,65532.4
2021-10-26,62306.9
2021-10-27,60091.9
2021-10-28,62592.5
2021-10-29,64460.0
2021-10-30,64011.7
2021-10-31,63327.2
2021-11-01,62809.6
2021-11-02,65454.3
2021-11-03,65149.7
2021-11-04,63522.7
2021-11-05,62906.0
2021-11-06,63294.1
2021-11-07,65269.3
2021-11-08,70217.5
2021-11-09,69339.9
2021-11-10,66479.6
2021-11-11,66450.0
2021-11-12,65689.5
2021-11-13,65899.3
2021-11-14,67079.0
2021-11-15,65039.2
2021-11-16,61113.7
2021-11-17,61425.5
2021-11-18,57745.5
2021-11-19,58962.3
2021-11-20,60663.9
2021-11-21,59570.3
2021-11-22,57037.7
2021-11-23,58374.0
2021-11-24,57950.7
2021-11-25,59846.7
2021-11-26,54230.2
2021-11-27,55298.7
2021-11-28,58029.7
2021-11-29,58431.6
2021-11-30,57584.6
2021-12-01,57826.1
2021-12-02,56985.1
2021-12-03,53986.2
2021-12-04,49367.7
2021-12-05,49554.4
2021-12-06,50715.7
2021-12-07,50809.1
2021-12-08,50701.7
2021-12-09,47731.8
2021-12-10,47320.2
2021-12-11,49612.5
2021-12-12,50239.6
2021-12-13,46783.3
2021-12-14,48529.5
2021-12-15,49057.7
2021-12-16,47764.2
2021-12-17,46271.4
2021-12-18,46980.1
2021-12-19,46827.3
2021-12-20,47028.3
2021-12-21,49072.5
2021-12-22,48746.4
2021-12-23,50934.4
2021-12-24,50891.7
2021-12-25,50455.7
2021-12-26,50838.9
2021-12-27,50760.0
2021-12-28,47568.4
2021-12-29,46451.0
2021-12-30,47133.1
2021-12-31,47205.9
2022-01-01,48797.5
2022-01-02,48345.9
2022-01-03,47461.6
2022-01-04,46841.8
2022-01-05,44294.7
2022-01-06,43892.6
2022-01-07,42280.0
2022-01-08,42417.8
2022-01-09,42589.8
2022-01-10,42516.2
2022-01-11,43403.8
2022-01-12,44539.8
2022-01-13,43125.2
2022-01-14,43670.1
2022-01-15,43700.0
2022-01-16,43662.9
2022-01-17,42743.8
2022-01-18,42872.4
2022-01-19,42068.5
2022-01-20,41084.5
2022-01-21,36727.4
2022-01-22,35408.5
2022-01-23,36702.3
2022-01-24,37033.3
2022-01-25,37253.5
2022-01-26,37081.3
2022-01-27,37449.3
2022-01-28,37961.0
2022-01-29,38422.3
2022-01-30,38174.9
2022-01-31,38682.9
2022-02-01,38937.3
2022-02-02,37106.9
2022-02-03,37530.5
2022-02-04,41813.2
2022-02-05,41615.0
2022-02-06,42602.3
2022-02-07,44059.7
2022-02-08,44206.2
2022-02-09,44504.8
2022-02-10,43599.8
2022-02-11,42488.3
2022-02-12,42315.0
2022-02-13,42159.8
2022-02-14,42603.3
2022-02-15,44642.1
2022-02-16,43951.6
2022-02-17,40598.0
2022-02-18,40067.4
2022-02-19,40201.3
2022-02-20,38444.9
2022-02-21,37087.0
2022-02-22,38293.1
2022-02-23,37321.9
2022-02-24,38403.0
2022-02-25,39291.7
2022-02-26,39150.0
2022-02-27,37747.0
2022-02-28,43243.6
2022-03-01,44487.5
2022-03-02,43989.8
2022-03-03,42520.8
2022-03-04,39181.2
2022-03-05,39425.6
2022-03-06,38450.0
2022-03-07,38008.1
2022-03-08,38779.7
2022-03-09,41978.0
2022-03-10,39430.7
2022-03-11,38750.2
2022-03-12,38834.3
2022-03-13,37773.3
2022-03-14,39716.3
2022-03-15,39327.7
2022-03-16,41151.5
2022-03-17,40922.6
2022-03-18,41784.7
2022-03-19,42214.6
2022-03-20,41284.5
2022-03-21,41001.5
2022-03-22,42367.6
2022-03-23,42845.1
2022-03-24,43956.8
2022-03-25,44941.8
2022-03-26,45065.3
2022-03-27,47409.4
2022-03-28,47714.6
2022-03-29,48009.8
2022-03-30,47659.3
2022-03-31,46105.9
2022-04-01,46866.8
2022-04-02,46388.2
2022-04-03,47053.1
2022-04-04,47246.4
2022-04-05,46053.9
2022-04-06,43604.8
2022-04-07,43867.5
2022-04-08,42621.6
2022-04-09,43097.1
2022-04-10,42498.1
2022-04-11,39785.8
2022-04-12,40254.2
2022-04-13,41325.4
2022-04-14,40112.8
2022-04-15,40700.6
2022-04-16,40569.6
2022-04-17,39822.0
2022-04-18,40966.2
2022-04-19,41668.1
2022-04-20,41501.2
2022-04-21,40619.2
2022-04-22,39800.8
2022-04-23,39545.5
2022-04-24,39570.5
2022-04-25,40579.6
2022-04-26,38263.0
2022-04-27,39364.1
2022-04-28,39898.4
2022-04-29,38725.4
2022-04-30,37729.4
2022-05-01,38603.5
2022-05-02,38672.7
2022-05-03,37845.7
2022-05-04,39868.5
2022-05-05,36621.5
2022-05-06,36134.5
2022-05-07,35600.1
2022-05-08,34100.0
2022-05-09,30135.5
2022-05-10,31072.7
2022-05-11,29159.6
2022-05-12,29106.6
2022-05-13,29373.6
2022-05-14,30151.1
2022-05-15,31361.7
2022-05-16,29933.8
2022-05-17,30518.0
2022-05-18,28739.5
2022-05-19,30393.1
2022-05-20,29250.9
2022-05-21,29506.7
2022-05-22,30348.8
2022-05-23,29172.2
2022-05-24,29743.8
2022-05-25,29590.6
2022-05-26,29264.7
2022-05-27,28674.6
2022-05-28,29093.0
2022-05-29,29539.2
2022-05-30,31819.5
2022-05-31,31877.3
2022-06-01,29862.4
2022-06-02,30514.8
2022-06-03,29774.7
2022-06-04,29953.4
2022-06-05,29991.7
2022-06-06,31456.9
2022-06-07,31182.5
2022-06-08,30238.3
2022-06-09,30148.4
2022-06-10,29099.3
2022-06-11,28430.4
2022-06-12,26598.1
2022-06-13,22475.0
2022-06-14,22120.1
2022-06-15,22584.2
2022-06-16,20368.6
2022-06-17,20459.3
2022-06-18,18950.0
2022-06-19,20571.1
2022-06-20,20565.3
2022-06-21,20662.4
2022-06-22,19981.0
2022-06-23,21084.8
2022-06-24,21312.3
2022-06-25,21564.7
2022-06-26,21110.1
2022-06-27,20785.5
2022-06-28,20326.0
2022-06-29,20154.4
2022-06-30,19970.9
2022-07-01,19335.5
2022-07-02,19336.0
2022-07-03,19407.4
2022-07-04,20344.5
2022-07-05,20315.9
2022-07-06,20682.6
2022-07-07,21703.0
2022-07-08,21660.0
2022-07-09,21693.6
2022-07-10,20972.8
2022-07-11,20058.4
2022-07-12,19413.0
2022-07-13,20306.4
2022-07-14,20692.0
2022-07-15,20924.9
2022-07-16,21306.3
2022-07-17,20899.7
2022-07-18,22578.5
2022-07-19,23513.1
2022-07-20,23345.0
2022-07-21,23274.5
2022-07-22,22808.8
2022-07-23,22571.8
2022-07-24,22716.7
2022-07-25,21416.8
2022-07-26,21384.1
2022-07-27,23092.2
2022-07-28,24029.5
2022-07-29,23983.4
2022-07-30,23858.6
2022-07-31,23484.9
2022-08-01,23433.5
2022-08-02,23132.2
2022-08-03,22963.6
2022-08-04,22736.7
2022-08-05,23487.3
2022-08-06,23143.3
2022-08-07,23347.3
2022-08-08,23975.3
2022-08-09,23287.4
2022-08-10,24086.7
2022-08-11,24076.7
2022-08-12,24539.8
2022-08-13,24576.3
2022-08-14,24419.9
2022-08-15,24207.5
2022-08-16,23963.6
2022-08-17,23409.0
2022-08-18,23239.0
2022-08-19,20853.9
2022-08-20,21174.8
2022-08-21,21526.1
2022-08-22,21404.8
2022-08-23,21536.2
2022-08-24,21381.1
2022-08-25,21567.4
2022-08-26,20228.9
2022-08-27,20030.4
2022-08-28,19519.5
2022-08-29,20280.7
2022-08-30,19780.4
2022-08-31,20035.8
2022-09-01,20089.4
2022-09-02,19940.1
2022-09-03,19820.9
2022-09-04,20003.4
2022-09-05,19776.3
2022-09-06,18765.5
2022-09-07,19280.2
2022-09-08,19310.6
2022-09-09,21370.5
2022-09-10,21647.8
2022-09-11,21846.2
2022-09-12,22400.0
2022-09-13,20173.6
2022-09-14,20231.5
2022-09-15,19707.6
2022-09-16,19797.4
2022-09-17,20119.7
2022-09-18,19404.6
2022-09-19,19517.6
2022-09-20,18878.0
2022-09-21,18449.6
2022-09-22,19398.9
2022-09-23,19299.6
2022-09-24,18915.6
2022-09-25,18816.0
2022-09-26,19231.3
2022-09-27,19074.5
2022-09-28,19406.3
2022-09-29,19576.3
2022-09-30,19516.2
2022-10-01,19396.9
2022-10-02,19153.5
2022-10-03,19731.5
2022-10-04,20447.9
2022-10-05,20259.3
2022-10-06,20071.9
2022-10-07,19619.8
2022-10-08,19506.7
2022-10-09,19519.3
2022-10-10,19210.6
2022-10-11,19157.2
2022-10-12,19244.3
2022-10-13,19472.4
2022-10-14,19257.3
2022-10-15,19147.1
2022-10-16,19334.6
2022-10-17,19633.4
2022-10-18,19409.8
2022-10-19,19214.3
2022-10-20,19117.9
2022-10-21,19250.5
2022-10-22,19292.5
2022-10-23,19667.9
2022-10-24,19413.5
2022-10-25,20198.0
2022-10-26,20873.1
2022-10-27,20401.4
2022-10-28,20699.5
2022-10-29,20921.5
2022-10-30,20720.5
2022-10-31,20589.2
2022-11-01,20584.1
2022-11-02,20241.9
2022-11-03,20302.6
2022-11-04,21249.6
2022-11-05,21412.9
2022-11-06,21018.0
2022-11-07,20701.3
2022-11-08,18615.3
2022-11-09,15877.7
2022-11-10,17509.6
2022-11-11,16980.4
2022-11-12,16747.4
2022-11-13,16287.1
2022-11-14,16548.8
2022-11-15,16830.1
2022-11-16,16617.7
2022-11-17,16635.2
2022-11-18,16657.2
2022-11-19,16667.8
2022-11-20,16253.5
2022-11-21,15733.0
2022-11-22,16189.5
2022-11-23,16566.1
2022-11-24,16545.1
2022-11-25,16470.6
2022-11-26,16402.5
2022-11-27,16400.4
2022-11-28,16167.8
2022-11-29,16416.0
2022-11-30,17155.0
2022-12-01,16955.8
2022-12-02,17073.9
2022-12-03,16869.4
2022-12-04,17096.4
2022-12-05,16950.6
2022-12-06,17080.9
2022-12-07,16824.5
2022-12-08,17219.4
2022-12-09,17126.5
2022-12-10,17125.9
2022-12-11,17087.1
2022-12-12,17213.0
2022-12-13,17810.4
2022-12-14,17829.0
2022-12-15,17382.8
2022-12-16,16634.9
2022-12-17,16764.7
2022-12-18,16731.2
2022-12-19,16441.7
2022-12-20,16901.9
2022-12-21,16847.9
2022-12-22,16827.7
2022-12-23,16821.4
2022-12-24,16852.6
2022-12-25,16859.9
2022-12-26,16946.1
2022-12-27,16711.6
2022-12-28,16561.8
2022-12-29,16664.9
2022-12-30,16676.3
2022-12-31,16621.2
2023-01-01,16700.3
2023-01-02,16755.3
2023-01-03,16743.2
2023-01-04,16945.5
2023-01-05,16917.8
2023-01-06,17044.8
2023-01-07,17035.0
2023-01-08,17219.2
2023-01-09,17278.9
2023-01-10,17539.8
2023-01-11,18057.8
2023-01-12,18969.3
2023-01-13,20058.0
2023-01-14,21133.6
2023-01-15,21063.5
2023-01-16,21371.5
2023-01-17,21307.4
2023-01-18,20859.6
2023-01-19,21248.0
2023-01-20,22868.6
2023-01-21,22982.3
2023-01-22,22907.1
2023-01-23,23111.1
2023-01-24,22856.1
2023-01-25,23298.0
2023-01-26,23240.9
2023-01-27,23313.4
2023-01-28,23258.7
2023-01-29,24009.0
2023-01-30,23046.8
2023-01-31,23357.9
2023-02-01,23970.6
2023-02-02,23725.1
2023-02-03,23659.7
2023-02-04,23518.3
2023-02-05,23121.4
2023-02-06,22949.0
2023-02-07,23430.3
2023-02-08,23148.8
2023-02-09,21972.4
2023-02-10,21769.0
2023-02-11,21985.5
2023-02-12,21893.0
2023-02-13,21891.2
2023-02-14,22340.1
2023-02-15,24521.8
2023-02-16,23677.7
2023-02-17,24758.0
2023-02-18,24825.8
2023-02-19,24460.4
2023-02-20,25071.5
2023-02-21,24664.5
2023-02-22,24366.1
2023-02-23,24118.0
2023-02-24,23329.1
2023-02-25,23301.1
2023-02-26,23707.6
2023-02-27,23629.1
2023-02-28,23273.4
2023-03-01,23778.0
2023-03-02,23593.4
2023-03-03,22463.1
2023-03-04,22441.5
2023-03-05,22513.1
2023-03-06,22483.0
2023-03-07,22263.7
2023-03-08,21763.1
2023-03-09,20413.9
2023-03-10,20184.0
2023-03-11,20479.7
2023-03-12,22058.2
2023-03-13,24192.6
2023-03-14,24753.2
2023-03-15,24365.7
2023-03-16,25045.9
2023-03-17,27443.7
2023-03-18,26978.5
2023-03-19,28017.8
2023-03-20,27792.2
2023-03-21,28155.7
2023-03-22,27275.7
2023-03-23,28346.1
2023-03-24,27472.2
2023-03-25,27490.6
2023-03-26,27997.7
2023-03-27,27133.1
2023-03-28,27245.3
2023-03-29,28334.6
2023-03-30,28017.9
2023-03-31,28819.3
2023-04-01,28822.1
2023-04-02,28545.9
2023-04-03,28140.5
2023-04-04,28534.3
2023-04-05,28518.4
2023-04-06,28380.0
2023-04-07,28226.0
2023-04-08,28267.4
2023-04-09,28656.6
2023-04-10,29982.8
2023-04-11,30535.2
2023-04-12,30219.9
2023-04-13,30713.2
2023-04-14,30758.4
2023-04-15,30613.7
2023-04-16,30639.6
2023-04-17,29718.1
2023-04-18,30692.4
2023-04-19,29070.8
2023-04-20,28502.2
2023-04-21,27484.9
2023-04-22,28034.0
2023-04-23,27788.5
2023-04-24,27717.3
2023-04-25,28540.4
2023-04-26,28638.3
2023-04-27,29692.9
2023-04-28,29523.5
2023-04-29,29468.7
2023-04-30,29469.7
2023-05-01,28290.0
2023-05-02,28883.4
2023-05-03,29263.2
2023-05-04,29074.2
2023-05-05,29762.9
2023-05-06,29044.1
2023-05-07,28627.0
2023-05-08,27854.0
2023-05-09,27795.3
2023-05-10,27745.6
2023-05-11,27087.8
2023-05-12,26910.0
2023-05-13,26891.6
2023-05-14,27047.1
2023-05-15,27303.4
2023-05-16,27157.8
2023-05-17,27523.8
2023-05-18,26922.7
2023-05-19,26995.6
2023-05-20,27221.8
2023-05-21,26866.0
2023-05-22,26967.4
2023-05-23,27335.4
2023-05-24,26413.9
2023-05-25,26558.4
2023-05-26,26808.4
2023-05-27,26946.9
2023-05-28,28200.5
2023-05-29,27864.0
2023-05-30,27826.5
2023-05-31,27307.2
2023-06-01,26904.6
2023-06-02,27348.3
2023-06-03,27175.3
2023-06-04,27210.6
2023-06-05,25788.9
2023-06-06,27317.7
2023-06-07,26420.3
2023-06-08,26582.9
2023-06-09,26554.3
2023-06-10,25918.6
2023-06-11,25993.0
2023-06-12,25981.1
2023-06-13,25991.0
2023-06-14,25175.1
2023-06-15,25633.2
2023-06-16,26367.1
2023-06-17,26532.4
2023-06-18,26366.7
2023-06-19,26851.9
2023-06-20,28318.7
2023-06-21,30033.7
2023-06-22,29901.7
2023-06-23,30714.9
2023-06-24,30554.8
2023-06-25,30472.3
2023-06-26,30259.4
2023-06-27,30687.0
2023-06-28,30058.0
2023-06-29,30440.2
2023-06-30,30994.5
2023-07-01,31133.1
2023-07-02,31178.1
2023-07-03,31730.8
2023-07-04,31314.1
2023-07-05,31053.2
2023-07-06,30441.5
2023-07-07,30910.8
2023-07-08,30826.0
2023-07-09,30696.4
2023-07-10,30941.0
2023-07-11,31184.4
2023-07-12,30910.5
2023-07-13,31984.4
2023-07-14,30824.2
2023-07-15,30794.7
2023-07-16,30736.8
2023-07-17,30590.0
2023-07-18,30308.3
2023-07-19,30352.1
2023-07-20,30260.1
2023-07-21,30344.7
2023-07-22,30208.1
2023-07-23,30501.5
2023-07-24,29579.5
2023-07-25,29632.4
2023-07-26,29763.3
2023-07-27,29613.9
2023-07-28,29703.6
2023-07-29,29736.4
2023-07-30,29645.5
2023-07-31,29593.3
2023-08-01,30086.0
2023-08-02,29571.3
2023-08-03,29577.1
2023-08-04,29494.0
2023-08-05,29473.0
2023-08-06,29471.0
2023-08-07,29581.7
2023-08-08,30074.9
2023-08-09,29925.9
2023-08-10,29795.5
2023-08-11,29760.8
2023-08-12,29756.4
2023-08-13,29615.4
2023-08-14,29743.0
2023-08-15,29504.7
2023-08-16,29023.5
2023-08-17,26861.0
2023-08-18,26259.1
2023-08-19,26303.7
2023-08-20,26368.6
2023-08-21,26286.4
2023-08-22,26232.3
2023-08-23,26572.3
2023-08-24,26306.9
2023-08-25,26176.0
2023-08-26,26121.7
2023-08-27,26194.9
2023-08-28,26208.5
2023-08-29,27800.8
2023-08-30,27384.0
2023-08-31,26009.7
2023-09-01,25877.7
2023-09-02,25935.7
2023-09-03,26033.0
2023-09-04,25855.7
2023-09-05,25829.3
2023-09-06,25799.8
2023-09-07,26301.7
2023-09-08,25955.1
2023-09-09,25942.9
2023-09-10,25866.2
2023-09-11,25186.6
2023-09-12,25876.5
2023-09-13,26253.6
2023-09-14,26552.7
2023-09-15,26630.1
2023-09-16,26580.3
2023-09-17,26535.8
2023-09-18,26775.5
2023-09-19,27204.0
2023-09-20,27129.6
2023-09-21,26579.4
2023-09-22,26588.6
2023-09-23,26577.3
2023-09-24,26254.5
2023-09-25,26308.1
2023-09-26,26221.8
2023-09-27,26365.7
2023-09-28,27017.9
2023-09-29,27236.3
2023-09-30,27281.8
2023-10-01,28340.7
2023-10-02,27837.6
2023-10-03,27776.5
2023-10-04,28157.7
2023-10-05,27765.9
2023-10-06,28296.7
2023-10-07,28313.8
2023-10-08,28262.7
2023-10-09,27923.6
2023-10-10,27718.1
2023-10-11,27167.6
2023-10-12,27067.6
2023-10-13,27137.6
2023-10-14,27122.2
2023-10-15,27411.9
2023-10-16,28761.5
2023-10-17,28653.6
2023-10-18,28610.4
2023-10-19,28984.9
2023-10-20,29930.1
2023-10-21,30171.2
2023-10-22,30279.9
2023-10-23,33414.4
2023-10-24,34299.9
2023-10-25,34908.9
2023-10-26,34628.9
2023-10-27,34344.0
2023-10-28,34551.8
2023-10-29,35005.4
2023-10-30,34959.2
2023-10-31,35135.1
2023-11-01,35948.0
2023-11-02,35442.0
2023-11-03,35199.7
2023-11-04,35548.8
2023-11-05,35557.1
2023-11-06,35589.1
2023-11-07,35935.8
2023-11-08,36141.5
2023-11-09,37212.8
2023-11-10,37861.1
2023-11-11,37658.8
2023-11-12,37604.6
2023-11-13,36992.0
2023-11-14,36057.0
2023-11-15,38444.8
2023-11-16,36656.7
2023-11-17,37065.5
2023-11-18,36979.4
2023-11-19,37792.8
2023-11-20,37846.8
2023-11-21,36045.1
2023-11-22,37771.4
2023-11-23,37636.1
2023-11-24,38054.0
2023-11-25,38136.1
2023-11-26,37806.7
2023-11-27,37547.1
2023-11-28,38130.9
2023-11-29,38141.3
2023-11-30,38007.6
2023-12-01,38983.7
2023-12-02,39773.5
2023-12-03,40283.1
2023-12-04,42303.7
2023-12-05,44284.6
2023-12-06,43997.7
2023-12-07,43561.3
2023-12-08,44464.3
2023-12-09,43997.9
2023-12-10,44075.8
2023-12-11,41521.3
2023-12-12,41714.9
2023-12-13,43081.1
2023-12-14,43159.3
2023-12-15,42093.5
2023-12-16,42443.2
2023-12-17,41498.4
2023-12-18,42780.6
2023-12-19,42358.7
2023-12-20,43817.2
2023-12-21,44025.9
2023-12-22,44128.5
2023-12-23,43859.8
2023-12-24,43125.6
2023-12-25,43752.7
2023-12-26,42601.3
2023-12-27,43483.1
2023-12-28,42655.9
2023-12-29,43880.1
2023-12-30,44153.4
2023-12-31,44400.4
2024-01-01,46488.7
2024-01-02,47241.5
2024-01-03,44427.0
2024-01-04,45786.1
2024-01-05,45446.1
2024-01-06,45251.0
2024-01-07,45285.2
2024-01-08,48395.3
2024-01-09,47494.8
2024-01-10,47953.1
2024-01-11,47449.5
2024-01-12,43678.4
2024-01-13,43715.4
2024-01-14,42502.9
2024-01-15,43306.3
2024-01-16,43965.1
2024-01-17,43640.7
2024-01-18,42088.2
2024-01-19,42468.5
2024-01-20,42465.8
2024-01-21,42354.8
2024-01-22,40222.0
2024-01-23,40570.7
2024-01-24,40756.2
2024-01-25,40624.3
2024-01-26,42452.3
2024-01-27,42772.8
2024-01-28,42672.0
2024-01-29,43961.1
2024-01-30,43587.2
2024-01-31,43160.0
2024-02-01,43613.2
2024-02-02,43757.8
2024-02-03,43539.9
2024-02-04,43073.2
2024-02-05,43162.9
2024-02-06,43585.2
2024-02-07,44889.1
2024-02-08,45821.8
2024-02-09,47725.2
2024-02-10,48355.7
2024-02-11,48993.5
2024-02-12,50678.0
2024-02-13,50361.2
2024-02-14,52540.0
2024-02-15,52652.7
2024-02-16,52899.3
2024-02-17,52445.2
2024-02-18,52922.2
2024-02-19,52552.1
2024-02-20,52998.7
2024-02-21,52496.9
2024-02-22,51937.5
2024-02-23,51364.4
2024-02-24,52241.5
2024-02-25,52469.4
2024-02-26,55310.6
2024-02-27,57947.6
2024-02-28,63328.3
2024-02-29,62117.3
2024-03-01,63330.4
2024-03-02,62994.9
2024-03-03,64268.7
2024-03-04,69669.5
2024-03-05,65054.8
2024-03-06,67215.0
2024-03-07,68115.5
2024-03-08,69276.2
2024-03-09,69557.4
2024-03-10,70319.6
2024-03-11,73582.4
2024-03-12,72622.8
2024-03-13,73950.0
2024-03-14,72319.0
2024-03-15,70256.1
2024-03-16,65869.6
2024-03-17,68992.6
2024-03-18,68001.1
2024-03-19,62262.7
2024-03-20,68219.9
2024-03-21,65811.7
2024-03-22,63989.4
2024-03-23,64144.8
2024-03-24,67397.9
2024-03-25,69979.1
2024-03-26,70043.2
2024-03-27,69550.3
2024-03-28,70776.9
2024-03-29,74258.9
2024-03-30,74146.5
2024-03-31,77179.4
2024-04-01,74225.5
2024-04-02,68897.1
2024-04-03,69142.1
2024-04-04,71800.1
2024-04-05,70971.3
2024-04-06,71728.5
2024-04-07,72301.3
2024-04-08,75572.5
2024-04-09,72238.0
2024-04-10,73738.6
2024-04-11,72927.8
2024-04-12,69231.8
2024-04-13,65425.9
2024-04-14,67379.8
2024-04-15,65038.9
2024-04-16,65407.4
2024-04-17,62593.6
2024-04-18,64918.2
2024-04-19,65010.8
2024-04-20,66264.4
2024-04-21,66314.4
2024-04-22,68338.5
2024-04-23,67892.2
2024-04-24,65656.9
2024-04-25,65734.2
2024-04-26,64961.8
2024-04-27,64606.5
2024-04-28,64182.2
2024-04-29,64944.2
2024-04-30,61563.1
2024-05-01,59073.8
2024-05-02,59851.6
2024-05-03,63749.9
2024-05-04,64819.0
2024-05-05,65000.3
2024-05-06,64134.5
2024-05-07,63190.5
2024-05-08,62040.9
2024-05-09,63897.2
2024-05-10,61510.4
2024-05-11,61560.2
2024-05-12,62218.0
2024-05-13,63693.9
2024-05-14,62259.4
2024-05-15,66971.3
2024-05-16,65987.7
2024-05-17,67790.5
2024-05-18,67710.4
2024-05-19,67040.5
2024-05-20,72340.8
2024-05-21,71131.4
2024-05-22,70150.0
2024-05-23,68845.3
2024-05-24,69367.1
2024-05-25,70052.4
2024-05-26,69229.3
2024-05-27,70188.1
2024-05-28,69181.9
2024-05-29,68280.7
2024-05-30,68939.7
2024-05-31,68116.7
2024-06-01,68336.0
2024-06-02,68355.4
2024-06-03,69420.9
2024-06-04,71119.9
2024-06-05,71617.0
2024-06-06,71345.9
2024-06-07,69861.2
2024-06-08,69793.9
2024-06-09,70135.7
2024-06-10,69958.9
2024-06-11,67620.3
2024-06-12,68622.6
2024-06-13,67110.9
2024-06-14,66295.7
2024-06-15,66441.6
2024-06-16,66928.7
2024-06-17,66669.7
2024-06-18,65333.6
2024-06-19,65098.7
2024-06-20,64987.0
2024-06-21,64238.9
2024-06-22,64350.8
2024-06-23,63281.2
2024-06-24,60339.8
2024-06-25,61857.7
2024-06-26,60893.5
2024-06-27,61719.6
2024-06-28,62138.3
2024-06-29,62705.2
2024-06-30,64620.3
2024-07-01,64704.8
2024-07-02,63695.1
2024-07-03,61569.3
2024-07-04,58274.3
2024-07-05,57892.8
2024-07-06,59539.0
2024-07-07,57033.2
2024-07-08,57945.4
2024-07-09,59269.1
2024-07-10,58962.0
2024-07-11,58438.5
2024-07-12,59079.8
2024-07-13,60466.9
2024-07-14,62204.1
2024-07-15,66204.1
2024-07-16,66523.5
2024-07-17,65512.7
2024-07-18,65389.4
2024-07-19,68145.7
2024-07-20,68671.4
2024-07-21,69797.4
2024-07-22,69003.8
2024-07-23,67266.4
2024-07-24,66647.8
2024-07-25,66997.7
2024-07-26,69178.3
2024-07-27,69191.9
2024-07-28,69506.9
2024-07-29,67945.4
2024-07-30,67385.5
2024-07-31,65704.1
2024-08-01,66268.5
2024-08-02,62222.4
2024-08-03,61427.5
2024-08-04,58828.6
2024-08-05,54578.1
2024-08-06,56615.0
2024-08-07,55577.9
2024-08-08,62323.5
2024-08-09,61477.3
2024-08-10,61600.5
2024-08-11,59319.8
2024-08-12,59925.0
2024-08-13,61184.4
2024-08-14,59197.5
2024-08-15,58013.8
2024-08-16,59357.0
2024-08-17,59948.7
2024-08-18,58849.3
2024-08-19,59838.1
2024-08-20,59392.6
2024-08-21,61560.1
2024-08-22,60736.6
2024-08-23,64402.4
2024-08-24,64519.5
2024-08-25,64534.4
2024-08-26,63161.0
2024-08-27,59702.0
2024-08-28,59270.3
2024-08-29,59621.8
2024-08-30,59360.8
2024-08-31,59207.0
2024-09-01,57523.8
2024-09-02,59377.9
2024-09-03,57685.1
2024-09-04,58168.4
2024-09-05,56357.4
2024-09-06,54146.2
2024-09-07,54335.8
2024-09-08,55047.3
2024-09-09,57264.0
2024-09-10,57836.6
2024-09-11,57500.2
2024-09-12,58270.2
2024-09-13,60637.1
2024-09-14,60134.1
2024-09-15,59263.8
2024-09-16,58318.0
2024-09-17,60410.0
2024-09-18,61861.4
2024-09-19,63060.7
2024-09-20,63307.5
2024-09-21,63429.2
2024-09-22,63656.7
2024-09-23,63377.3
2024-09-24,64316.2
2024-09-25,63164.9
2024-09-26,65190.7
2024-09-27,67079.0
2024-09-28,67156.2
2024-09-29,66903.1
2024-09-30,64459.0
2024-10-01,61866.9
2024-10-02,61711.6
2024-10-03,61788.3
2024-10-04,63153.5
2024-10-05,63139.6
2024-10-06,63992.3
2024-10-07,63340.0
2024-10-08,63216.8
2024-10-09,61639.8
2024-10-10,61283.0
2024-10-11,63657.1
2024-10-12,64257.7
2024-10-13,63955.0
2024-10-14,67361.9
2024-10-15,68237.7
2024-10-16,68774.5
2024-10-17,68517.6
2024-10-18,69620.3
2024-10-19,69513.4
2024-10-20,70345.2
2024-10-21,68549.2
2024-10-22,68610.0
2024-10-23,67807.7
2024-10-24,69467.6
2024-10-25,67817.7
2024-10-26,68196.3
2024-10-27,69239.1
2024-10-28,71234.9
2024-10-29,74185.7
2024-10-30,73736.6
2024-10-31,71546.8
2024-11-01,70656.7
2024-11-02,70445.5
2024-11-03,69791.1
2024-11-04,68810.5
2024-11-05,70367.4
2024-11-06,76832.6
2024-11-07,77189.3
2024-11-08,77784.8
2024-11-09,78003.1
2024-11-10,81963.2
2024-11-11,90474.4
2024-11-12,89596.0
2024-11-13,92018.2
2024-11-14,88747.6
2024-11-15,92557.0
2024-11-16,92108.8
2024-11-17,91485.1
2024-11-18,92056.7
2024-11-19,93939.3
2024-11-20,95852.9
2024-11-21,99962.2
2024-11-22,100462.7
2024-11-23,99265.1
2024-11-24,99424.9
2024-11-25,94442.4
2024-11-26,93262.8
2024-11-27,97255.8
2024-11-28,97172.3
2024-11-29,98923.0
2024-11-30,97848.9
2024-12-01,98690.0
2024-12-02,97062.6
2024-12-03,97116.9
2024-12-04,99920.4
2024-12-05,98217.3
2024-12-06,101031.0
2024-12-07,100971.5
2024-12-08,102360.0
2024-12-09,98200.0
2024-12-10,97369.8
2024-12-11,101924.3
2024-12-12,100710.6
2024-12-13,102030.0
2024-12-14,101955.3
2024-12-15,105115.2
2024-12-16,106534.9
2024-12-17,106557.8
2024-12-18,100548.2
2024-12-19,97732.4
2024-12-20,97980.0
2024-12-21,97480.1
2024-12-22,95382.8
2024-12-23,95113.4
2024-12-24,98874.1
2024-12-25,99622.2
2024-12-26,95799.1
2024-12-27,97314.4
2024-12-28,98302.4
2024-12-29,96832.4
2024-12-30,95750.6
2024-12-31,96660.2
2025-01-01,97700.9
2025-01-02,100330.6
2025-01-03,101371.0
2025-01-04,101239.6
2025-01-05,101193.3
2025-01-06,105088.5
2025-01-07,99541.8
2025-01-08,97487.8
2025-01-09,94953.7
2025-01-10,96968.8
2025-01-11,96707.1
2025-01-12,96590.9
2025-01-13,96646.7
2025-01-14,98701.1
2025-01-15,102866.3
2025-01-16,102444.4
2025-01-17,106640.8
2025-01-18,106967.8
2025-01-19,103761.0
2025-01-20,104642.0
2025-01-21,108529.8
2025-01-22,105891.3
2025-01-23,106171.9
2025-01-24,106938.7
2025-01-25,106742.0
2025-01-26,104624.2
2025-01-27,103934.5
2025-01-28,103079.7
2025-01-29,105575.1
2025-01-30,106372.0
2025-01-31,104123.7
2025-02-01,102337.0
2025-02-02,99229.9
2025-02-03,102703.8
2025-02-04,98969.6
2025-02-05,97743.7
2025-02-06,97685.2
2025-02-07,97532.3
2025-02-08,97424.1
2025-02-09,97435.6
2025-02-10,98372.0
2025-02-11,96676.6
2025-02-12,98765.1
2025-02-13,97446.9
2025-02-14,98351.5
2025-02-15,98415.5
2025-02-16,96968.7
2025-02-17,96449.9
2025-02-18,96274.5
2025-02-19,97202.3
2025-02-20,98929.5
2025-02-21,96723.9
2025-02-22,97104.1
2025-02-23,96818.1
2025-02-24,92029.4
2025-02-25,89200.1
2025-02-26,84650.2
2025-02-27,85209.5
2025-02-28,84811.3
2025-03-01,86521.3
2025-03-02,94602.1
2025-03-03,86578.4
2025-03-04,87552.5
2025-03-05,90908.3
2025-03-06,90210.2
2025-03-07,87091.7
2025-03-08,86424.9
2025-03-09,80906.5
2025-03-10,78774.5
2025-03-11,83124.9
2025-03-12,83849.8
2025-03-13,81284.9
2025-03-14,84178.6
2025-03-15,84481.9
2025-03-16,82717.9
2025-03-17,84242.7
2025-03-18,82763.5
2025-03-19,86878.2
2025-03-20,84240.6
2025-03-21,84135.0
2025-03-22,83911.1
2025-03-23,86163.6
2025-03-24,87557.0
2025-03-25,87453.0
2025-03-26,86909.7
2025-03-27,87266.2
2025-03-28,85389.2
2025-03-29,83490.0
2025-03-30,83165.1
2025-03-31,83392.8
2025-04-01,86156.0
2025-04-02,83368.9
2025-04-03,84140.6
2025-04-04,84884.6
2025-04-05,84478.8
2025-04-06,79200.8
2025-04-07,80076.1
2025-04-08,77316.3
2025-04-09,83705.4
2025-04-10,80502.8
2025-04-11,84186.7
2025-04-12,86153.1
2025-04-13,84657.9
2025-04-14,85377.9
2025-04-15,84501.9
2025-04-16,84915.2
2025-04-17,85806.6
2025-04-18,85301.9
2025-04-19,85983.5
2025-04-20,85941.3
2025-04-21,88240.8
2025-04-22,94229.9
2025-04-23,94477.3
2025-04-24,94808.5
2025-04-25,95490.0
2025-04-26,95565.2
2025-04-27,94583.3
2025-04-28,95829.4
2025-04-29,95186.8
2025-04-30,95100.5
2025-05-01,97349.6
2025-05-02,97635.6
2025-05-03,96554.9
2025-05-04,94800.0
2025-05-05,95384.4
2025-05-06,97370.3
2025-05-07,97570.2
2025-05-08,103921.6
2025-05-09,103646.2
2025-05-10,105589.5
2025-05-11,104851.3
2025-05-12,103417.7
2025-05-13,104838.7
2025-05-14,104205.3
2025-05-15,104337.8
2025-05-16,104045.0
2025-05-17,103606.0
2025-05-18,107142.7
2025-05-19,106155.5
2025-05-20,107386.8
2025-05-21,110294.0
2025-05-22,112417.5
2025-05-23,107967.4
2025-05-24,108373.9
2025-05-25,109596.2
2025-05-26,110033.5
2025-05-27,109500.8
2025-05-28,108347.6
2025-05-29,106104.5
2025-05-30,104449.4
2025-05-31,105025.5
2025-06-01,106079.4
2025-06-02,106290.6
2025-06-03,105777.5
2025-06-04,105008.0
2025-06-05,101773.4
2025-06-06,104580.1
2025-06-07,105788.3
2025-06-08,106009.5
2025-06-09,110499.9
2025-06-10,110527.2
2025-06-11,108831.6
2025-06-12,105796.6
2025-06-13,106180.2
2025-06-14,105506.2
2025-06-15,105666.1
2025-06-16,106868.3
2025-06-17,104649.9
2025-06-18,104905.9
2025-06-19,104688.3
2025-06-20,103303.2
2025-06-21,102134.1
2025-06-22,100984.0
2025-06-23,105354.3
2025-06-24,106087.4
2025-06-25,107330.3
2025-06-26,106926.4
2025-06-27,108190.6
2025-06-28,108381.2
2025-06-29,109520.5
2025-06-30,108219.7
2025-07-01,106625.9
2025-07-02,109887.4
2025-07-03,110722.6
2025-07-04,109085.3
2025-07-05,109210.0
2025-07-06,110321.8
2025-07-07,109323.9
2025-07-08,110049.2
2025-07-09,112618.9
2025-07-10,117429.4
2025-07-11,119067.9
2025-07-12,119013.8
2025-07-13,120791.4
2025-07-14,121517.0
2025-07-15,119451.5
2025-07-16,120395.7
2025-07-17,120732.8
2025-07-18,119526.1
2025-07-19,119577.1
2025-07-20,118995.0
2025-07-21,119046.9
2025-07-22,121738.7
2025-07-23,120519.9
2025-07-24,119899.6
2025-07-25,119190.9
2025-07-26,119524.8
2025-07-27,121177.8
2025-07-28,119684.3
2025-07-29,119490.8
2025-07-30,119040.5
2025-07-31,116912.2
2025-08-01,114172.1
2025-08-02,113594.2
2025-08-03,115233.0
2025-08-04,116120.8
2025-08-05,115191.0
2025-08-06,116016.7
2025-08-07,118583.1
2025-08-08,117828.8
2025-08-09,117685.8
2025-08-10,120530.9
2025-08-11,119919.2
2025-08-12,121338.2
2025-08-13,124626.3
2025-08-14,119443.2
2025-08-15,118424.1
2025-08-16,118400.8
2025-08-17,118269.2
2025-08-18,116960.8
2025-08-19,113520.0
2025-08-20,114936.5
2025-08-21,113219.3
2025-08-22,117830.6
2025-08-23,116341.7
2025-08-24,114443.6
2025-08-25,110774.1
2025-08-26,112474.2
2025-08-27,111956.3
2025-08-28,113210.5
2025-08-29,108944.8
2025-08-30,109295.3
2025-08-31,108700.0
2025-09-01,109700.3
2025-09-02,111681.3
2025-09-03,112157.8
2025-09-04,111046.5
2025-09-05,110942.7
2025-09-06,110509.0
2025-09-07,111470.9
2025-09-08,112335.3
2025-09-09,111877.7
2025-09-10,114276.7
2025-09-11,115833.6
2025-09-12,116300.0
2025-09-13,116209.0
2025-09-14,115674.4
2025-09-15,115539.9
2025-09-16,116944.3
2025-09-17,116580.5
2025-09-18,117209.7
2025-09-19,115751.0
2025-09-20,115781.9
2025-09-21,115330.2
2025-09-22,112659.7
2025-09-23,112017.9
2025-09-24,113302.1
2025-09-25,109010.8
2025-09-26,111447.1
2025-09-27,111399.3
2025-09-28,113939.4
2025-09-29,116316.7
2025-09-30,115977.5
2025-10-01,120593.0
2025-10-02,122659.4
2025-10-03,124311.0
2025-10-04,124494.7
2025-10-05,125681.7
2025-10-06,126860.0
2025-10-07,123498.3
2025-10-08,125318.9
2025-10-09,123527.4
2025-10-10,114400.2
2025-10-11,112297.2
2025-10-12,116679.8
2025-10-13,116719.8
2025-10-14,114253.7
2025-10-15,112036.5
2025-10-16,109414.0
2025-10-17,107542.0
2025-10-18,108421.4
2025-10-19,109849.9
2025-10-20,111701.5
2025-10-21,109360.0
2025-10-22,108674.0
2025-10-23,111102.3
2025-10-24,112069.7
2025-10-25,112669.6
2025-10-26,115677.9
2025-10-27,115220.5
2025-10-28,113911.2
2025-10-29,110831.2
2025-10-30,109136.1
2025-10-31,110433.5
2025-11-01,110898.0
2025-11-02,111316.5
2025-11-03,107275.4
2025-11-04,101955.5
2025-11-05,104558.7
2025-11-06,101903.2
2025-11-07,103974.4
2025-11-08,102869.1
2025-11-09,105330.2
2025-11-10,106636.1
2025-11-11,103582.6
2025-11-12,102137.1
2025-11-13,100265.3
2025-11-14,95016.7
2025-11-15,96068.7
2025-11-16,94713.0
2025-11-17,92632.8
2025-11-18,93400.0
2025-11-19,92023.2
2025-11-20,87020.7
2025-11-21,85460.0
2025-11-22,85024.3
2025-11-23,87192.1
2025-11-24,88658.7
2025-11-25,87745.5
2025-11-26,90877.6
2025-11-27,91655.0
2025-11-28,91211.0
2025-11-29,91139.3
2025-11-30,90681.7
2025-12-01,86563.4
2025-12-02,91567.8
2025-12-03,93717.9
2025-12-04,92311.7
2025-12-05,89519.8
2025-12-06,89406.1
2025-12-07,90580.1
2025-12-08,90832.6
2025-12-09,92868.9
2025-12-10,92154.6
2025-12-11,92646.2
2025-12-12,90368.4
2025-12-13,90402.1
2025-12-14,88236.8
2025-12-15,86511.1
2025-12-16,87953.4
2025-12-17,86337.0
2025-12-18,85617.0
2025-12-19,88265.6
2025-12-20,88462.7
2025-12-21,88717.0
2025-12-22,88629.1
2025-12-23,87538.7
2025-12-24,87674.4
2025-12-25,87233.8
2025-12-26,88390.9
2025-12-27,88967.0
2025-12-28,89059.9
2025-12-29,88214.2
2025-12-30,89419.5
2025-12-31,88479.5
2026-01-01,89703.3
2026-01-02,90828.0
2026-01-03,91538.3
2026-01-04,92574.8
2026-01-05,94780.3
2026-01-06,94734.2
2026-01-07,92356.1
2026-01-08,91995.8
2026-01-09,91514.0
2026-01-10,91396.0
2026-01-11,91900.0
2026-01-12,92159.6
2026-01-13,96237.4
2026-01-14,97777.1
2026-01-15,96434.0
2026-01-16,96365.1
2026-01-17,95952.2
2026-01-18,94427.6
2026-01-19,93364.3
2026-01-20,89077.3
2026-01-21,90056.2
2026-01-22,90202.4
2026-01-23,90300.0
2026-01-24,89896.8
2026-01-25,87310.0
2026-01-26,89000.0
2026-01-27,89875.1
2026-01-28,89876.4
2026-01-29,85221.6
2026-01-30,84853.5
2026-01-31,79157.7
2026-02-01,77396.3
2026-02-02,79118.9
2026-02-03,76216.1
2026-02-04,73609.0
2026-02-05,63191.3
2026-02-06,70801.2
2026-02-07,69629.5
2026-02-08,70650.8
2026-02-09,70437.2
2026-02-10,69066.4
2026-02-11,67286.9
2026-02-12,66476.1
2026-02-13,69075.0
2026-02-14,70015.7
2026-02-15,69053.2
2026-02-16,69082.5
2026-02-17,67746.5
2026-02-18,66683.3
2026-02-19,67221.2
2026-02-20,68294.4
2026-02-21,68229.8
2026-02-22,67890.0
2026-02-23,64851.2
2026-02-24,64201.4
2026-02-25,68090.6
2026-02-26,67557.9
2026-02-27,66003.6
2026-02-28,67110.5
2026-03-01,65802.6
2026-03-02,68948.4
2026-03-03,68437.4
2026-03-04,72817.7
2026-03-05,71004.2
2026-03-06,68212.0
2026-03-07,67354.2
2026-03-08,66019.8
2026-03-09,68503.7
2026-03-10,70019.5
2026-03-11,70241.2
2026-03-12,70535.4
2026-03-13,71032.9
2026-03-14,71268.7
2026-03-15,72896.3
2026-03-16,74919.1
2026-03-17,73947.5
2026-03-18,71320.1
2026-03-19,69985.1
2026-03-20,70598.0
2026-03-21,68972.7
2026-03-22,67925.9
2026-03-23,70964.4
2026-03-24,70598.1
2026-03-25,71389.8
2026-03-26,68852.1
2026-03-27,66734.0
2026-03-28,66711.1
2026-03-29,66305.5
2026-03-30,67150.0
2026-03-31,68571.2
2026-04-01,68390.0
2026-04-02,67161.7
2026-04-03,67262.7
2026-04-04,67556.9
2026-04-05,69308.2
2026-04-06,69226.6
2026-04-07,72235.1
2026-04-08,71325.0
2026-04-09,72053.2
2026-04-10,73202.8
2026-04-11,73220.2
2026-04-12,70885.5
2026-04-13,74547.4
2026-04-14,74332.4
2026-04-15,74957.1
2026-04-16,75324.0
2026-04-17,77204.3
2026-04-18,75888.8
2026-04-19,73941.8
2026-04-20,75870.5
2026-04-21,76404.1
2026-04-22,78181.7
2026-04-23,78322.7
2026-04-24,77525.0
2026-04-25,77669.9
2026-04-26,78707.1
2026-04-27,77461.2
2026-04-28,76441.3
2026-04-29,75916.5
2026-04-30,76430.0
2026-05-01,78330.4
2026-05-02,78773.5
2026-05-03,78655.3
2026-05-04,79944.2
2026-05-05,80977.8
2026-05-06,81563.6
2026-05-07,80103.5
2026-05-08,80331.1
2026-05-09,80787.2
2026-05-10,82294.8
2026-05-11,81854.0
2026-05-12,80630.3
2026-05-13,79469.1
2026-05-14,81136.8
2026-05-15,79186.8
2026-05-16,78219.8
2026-05-17,77574.6
2026-05-18,77094.6
2026-05-19,76945.9
2026-05-20,77670.8
2026-05-21,77757.5
2026-05-22,75686.3
2026-05-23,76832.5
2026-05-24,77189.2
2026-05-25,77510.9
2026-05-26,76071.7
2026-05-27,74633.2
2026-05-28,73798.7
2026-05-29,73597.0
2026-05-30,74000.5
2026-05-31,73793.5
2026-06-01,71560.6
2026-06-02,66868.9
2026-06-03,64230.7
2026-06-04,63988.2
2026-06-05,61163.3
2026-06-06,60983.3
2026-06-07,63424.3
2026-06-08,63185.0
2026-06-09,61805.3
2026-06-10,61608.6
2026-06-11,63695.9
2026-06-12,63640.1
2026-06-13,64490.4
2026-06-14,65795.8
2026-06-15,66367.1
2026-06-16,65711.9
2026-06-17,64515.9
2026-06-18,62997.8
2026-06-19,63562.6
2026-06-20,64310.6
2026-06-21,63310.0
2026-06-22,64033.7
2026-06-23,62734.0
2026-06-24,61076.8
2026-06-25,59805.0
2026-06-26,60532.9
2026-06-27,60427.3
2026-06-28,60021.0
2026-06-29,60717.5
2026-06-30,59078.2
2026-07-01,60492.2
2026-07-02,62035.3
2026-07-03,63044.8
2026-07-04,63603.8
2026-07-05,64143.1
2026-07-06,64539.7
2026-07-07,63809.9
2026-07-08,62743.1
2026-07-09,63717.5
2026-07-10,64670.6
2026-07-11,64284.9
2026-07-12,64262.3
2026-07-13,62810.1
2026-07-14,65514.0
2026-07-15,65262.4
2026-07-16,64321.8
2026-07-17,64383.3
2026-07-18,65304.9
2026-07-19,65187.9
2026-07-20,65698.2
2026-07-21,67041.3
2026-07-22,66555.9
2026-07-23,65506.7
2026-07-24,64583.1
2026-07-25,64795.0
2026-07-26,65852.4
2026-07-27,64235.1
2026-07-28,64333.1
2026-07-29,64382.9
2026-07-30,65166.6
2026-07-31,63267.1
2026-08-01,63203.7
2026-08-02,63947.2
2026-08-03,63906.4
2026-08-04,64477.6
2026-08-05,65012.3
2026-08-06,64687.3
2026-08-07,65270.0
2026-08-08,65307.7
2026-08-09,65225.9
2026-08-10,64292.4
2026-08-11,63916.7
2026-08-12,63826.6
2026-08-13,63824.3
2026-08-14,63354.8
2026-08-15,63391.0
2026-08-16,63191.3
2026-08-17,64632.3
