snap_ts,instrument_name,underlying_price,mark_price,mark_iv,open_interest,bid_price,ask_price,volume,volume_usd
1786343237977,BTC-28AUG26-110000-P,65244.49,0.68603079,65.75,0.2,,,0.0,0.0
1786343237977,BTC-10AUG26-64000-P,65104.22,2e-08,31.44,139.9,,0.0001,114.9,3966.32
1786343237977,BTC-25DEC26-40000-C,66193.15,0.40462373,56.92,250.9,0.403,0.4065,0.0,0.0
1786343237977,BTC-12AUG26-64500-P,65119.74,0.0042505,27.22,42.3,0.0041,0.0043,38.8,12624.07
1786343237977,BTC-25DEC26-135000-P,66193.15,1.0405042,47.78,0.6,,,0.0,0.0
1786343237977,BTC-26MAR27-105000-C,66888.68,0.01430709,40.51,183.3,0.014,0.015,0.0,0.0
1786343237977,BTC-26MAR27-100000-P,66886.86,0.51391328,40.19,12.1,,,0.0,0.0
1786343237977,BTC-28AUG26-58000-P,65244.49,0.00319395,38.68,1012.1,0.003,0.0033,5.8,1340.2
1786343237977,BTC-28AUG26-81000-P,65244.49,0.24176731,39.93,0.1,,,0.0,0.0
1786343237977,BTC-21AUG26-63000-C,65186.89,0.04165894,30.36,16.5,0.0395,0.0425,0.0,0.0
1786343237977,BTC-25JUN27-130000-P,67615.73,0.93384885,42.4,1.3,,,0.0,0.0
1786343237977,BTC-25DEC26-20000-P,66193.28,0.00129098,87.63,106.2,0.0011,0.0015,0.0,0.0
1786343237977,BTC-21AUG26-70000-P,65185.03,0.07565774,28.71,0.0,,,0.0,0.0
1786343237977,BTC-30OCT26-74000-C,65735.53,0.02509754,35.58,112.0,0.0245,0.0255,0.0,0.0
1786343237977,BTC-28AUG26-46000-P,65244.49,0.00018652,61.23,1738.1,0.0001,0.0003,0.0,0.0
1786343237977,BTC-25JUN27-80000-C,67617.73,0.0906016,41.22,68.6,0.0895,0.092,0.1,576.76
1786343237977,BTC-26MAR27-140000-C,66888.68,0.0030829,44.15,761.5,0.0027,0.0034,0.1,17.49
1786343237977,BTC-25DEC26-62000-C,66193.15,0.13089692,40.64,255.1,0.129,0.1325,0.0,0.0
1786343237977,BTC-30OCT26-71000-P,65735.53,0.11717942,35.84,0.0,0.11,0.1215,0.0,0.0
1786343237977,BTC-25JUN27-82000-C,67617.73,0.08262177,41.09,62.0,0.0815,0.084,0.0,0.0
1786343237977,BTC-13AUG26-66000-C,65129.31,0.00496916,28.0,7.8,0.0046,0.0055,7.8,2779.57
1786343237977,BTC-25JUN27-110000-C,67615.73,0.02419799,41.36,227.7,0.0235,0.025,0.1,162.94
1786343237977,BTC-25SEP26-30000-C,65471.32,0.54217606,87.22,134.0,0.5415,0.5435,0.0,0.0
1786343237977,BTC-21AUG26-53000-P,65186.89,0.00025037,50.57,69.3,0.0002,0.0003,10.5,201.61
1786343237977,BTC-25JUN27-85000-P,67617.73,0.32924018,41.0,6.8,0.3165,0.3375,0.0,0.0
1786343237977,BTC-26MAR27-108000-C,66886.86,0.01220704,40.73,57.3,0.0115,0.013,0.0,0.0
1786343237977,BTC-14AUG26-70000-C,65136.69,0.00036554,34.91,1687.4,0.0003,0.0004,77.0,2182.17
1786343237977,BTC-25SEP26-170000-C,65471.45,1.92e-05,75.32,359.5,,0.0002,0.0,0.0
1786343237977,BTC-25DEC26-60000-C,66193.15,0.1499943,41.36,787.0,0.148,0.1515,0.0,0.0
1786343237977,BTC-25SEP26-190000-P,65471.45,1.90204115,75.38,0.0,,,0.0,0.0
1786343237977,BTC-28AUG26-73000-C,65244.49,0.00139404,30.22,1748.9,0.0013,0.0015,2.0,192.4
1786343237977,BTC-26MAR27-55000-P,66888.68,0.05640782,44.14,1353.9,0.0555,0.0575,0.3,1130.06
1786343237977,BTC-25JUN27-150000-C,67617.73,0.00597296,43.91,89.3,0.0055,0.0065,0.1,39.13
1786343237977,BTC-25SEP26-58000-C,65471.32,0.12769743,38.87,460.8,0.1235,0.133,0.0,0.0
1786343237977,BTC-12AUG26-63500-P,65119.74,0.00143653,29.7,106.5,0.0013,0.0016,3.9,512.53
1786343237977,BTC-30OCT26-54000-C,65735.53,0.19476785,43.1,0.0,,,0.0,0.0
1786343237977,BTC-28AUG26-59000-P,65244.49,0.00420852,37.03,831.5,0.004,0.0044,0.3,81.86
1786343237977,BTC-30OCT26-82000-P,65735.53,0.2558677,35.88,0.0,,,0.0,0.0
1786343237977,BTC-26MAR27-106000-P,66888.68,0.59848159,40.68,0.1,,,0.0,0.0
1786343237977,BTC-12AUG26-62000-P,65119.55,0.000365,35.99,5.3,0.0003,0.0004,1.0,27.35
1786343237977,BTC-28AUG26-105000-C,65244.49,1.7e-05,63.37,169.2,,0.0001,0.0,0.0
1786343237977,BTC-25SEP26-300000-P,65471.32,3.58216465,84.97,0.0,,,0.0,0.0
1786343237977,BTC-28AUG26-48000-C,65244.49,0.2646325,58.66,37.5,0.2615,0.2695,0.0,0.0
1786343237977,BTC-30OCT26-54000-P,65735.53,0.01624278,43.1,47.7,0.0155,0.0165,1.5,1700.29
1786343237977,BTC-25DEC26-210000-P,66193.28,2.17263658,58.2,0.0,,,0.0,0.0
1786343237977,BTC-25SEP26-35000-P,65471.45,0.00067058,75.9,896.3,0.0006,0.0008,0.0,0.0
1786343237977,BTC-25SEP26-64000-P,65471.32,0.03810045,34.64,635.5,0.0375,0.0385,0.3,757.21
1786343237977,BTC-25SEP26-135000-P,65471.45,1.06208215,66.77,11.5,,,0.0,0.0
1786343237977,BTC-28AUG26-56000-P,65244.49,0.00197332,42.56,1077.2,0.0018,0.0021,6.2,758.62
1786343237977,BTC-25DEC26-80000-C,66193.15,0.03110532,38.61,8230.7,0.031,0.0315,10.5,21016.98
1786343237977,BTC-25DEC26-105000-P,66193.15,0.59047867,41.2,109.4,0.577,0.598,0.0,0.0
1786343237977,BTC-25DEC26-200000-P,66193.28,2.02162555,58.2,0.0,,,0.0,0.0
1786343237977,BTC-13AUG26-62500-C,65129.31,0.0416542,33.72,0.0,,,0.0,0.0
1786343237977,BTC-10AUG26-64500-C,65104.22,0.00928703,26.84,40.8,0.005,0.0145,0.6,285.34
1786343237977,BTC-30OCT26-64000-P,65735.53,0.05676348,37.33,201.3,0.056,0.057,2.5,9285.1
1786343237977,BTC-30OCT26-75000-C,65735.53,0.02194041,35.53,103.1,0.0215,0.0225,2.9,3989.26
1786343237977,BTC-25DEC26-170000-P,66193.15,1.56853506,53.29,0.0,,,0.0,0.0
1786343237977,BTC-26MAR27-60000-C,66888.68,0.18461475,42.54,718.8,0.18,0.1905,0.0,0.0
1786343237977,BTC-28AUG26-63000-C,65244.49,0.04803843,31.54,982.3,0.0455,0.05,91.5,300621.4
1786343237977,BTC-21AUG26-68000-C,65186.89,0.0051244,27.62,1877.6,0.0048,0.0055,302.1,105611.12
1786343237977,BTC-30OCT26-85000-C,65735.53,0.00595165,36.72,8.0,0.0055,0.0065,0.4,146.0
1786343237977,BTC-30OCT26-66000-P,65735.53,0.07136312,36.85,46.6,0.0705,0.072,0.0,0.0
1786343237977,BTC-25DEC26-72000-C,66193.15,0.06089512,38.76,1137.8,0.06,0.0615,0.1,388.93
1786343237977,BTC-25SEP26-78000-C,65471.32,0.00410724,33.59,4756.1,0.004,0.0042,1.3,360.12
1786343237977,BTC-11AUG26-58000-P,65111.34,3e-08,48.87,20.8,,0.0001,0.0,0.0
1786343237977,BTC-25DEC26-40000-P,66193.15,0.00891623,56.92,4339.6,0.0085,0.009,1.1,644.48
1786343237977,BTC-25DEC26-135000-C,66193.15,0.00101701,47.78,1109.8,0.0008,0.0012,0.0,0.0
1786343237977,BTC-28AUG26-66000-P,65244.49,0.03265603,29.63,215.5,0.032,0.033,4.1,8195.53
1786343237977,BTC-30OCT26-76000-C,65735.53,0.01922587,35.57,99.0,0.0185,0.02,4.4,5397.81
1786343237977,BTC-25DEC26-104000-P,66193.15,0.57567316,41.04,0.1,,,0.0,0.0
1786343237977,BTC-13AUG26-68000-C,65129.39,0.00070458,30.02,1.4,0.0006,0.0008,1.5,64.92
1786343237977,BTC-12AUG26-69000-C,65119.74,0.00013547,35.11,7.0,0.0001,0.0002,8.4,109.34
1786343237977,BTC-25JUN27-68000-P,67617.73,0.16013651,42.32,8.7,0.1585,0.162,0.0,0.0
1786343237977,BTC-25DEC26-85000-P,66193.15,0.30408602,38.63,548.4,0.2935,0.31,0.0,0.0
1786343237977,BTC-25DEC26-84000-P,66193.15,0.2908536,38.62,47.1,0.2805,0.2965,0.0,0.0
1786343237977,BTC-30OCT26-70000-C,65735.53,0.04202873,35.97,115.5,0.0415,0.0425,0.0,0.0
1786343237977,BTC-30OCT26-86000-C,65735.53,0.00514051,36.75,8.6,0.0048,0.0055,0.0,0.0
1786343237977,BTC-25SEP26-84000-P,65471.32,0.28460801,36.78,34.7,0.276,0.291,0.0,0.0
1786343237977,BTC-26MAR27-180000-P,66888.68,1.69228156,49.47,0.0,,,0.0,0.0
1786343237977,BTC-11AUG26-64000-C,65111.21,0.01806085,28.36,0.0,0.0001,,0.0,0.0
1786343237977,BTC-25JUN27-72000-C,67617.73,0.12983539,41.87,24.8,0.1285,0.131,0.0,0.0
1786343237977,BTC-14AUG26-68000-C,65136.56,0.00123425,29.63,2630.3,0.0011,0.0014,36.4,3288.18
1786343237977,BTC-14AUG26-59000-P,65136.56,0.00036257,46.18,307.7,0.0003,0.0004,1.3,33.83
1786343237977,BTC-25JUN27-110000-P,67617.73,0.65104462,41.36,0.3,,,0.0,0.0
1786343237977,BTC-25SEP26-150000-C,65471.45,6.767e-05,72.57,736.8,,0.0002,0.0,0.0
1786343237977,BTC-25SEP26-165000-P,65471.32,1.52022006,75.32,0.0,,,0.0,0.0
1786343237977,BTC-25SEP26-60000-C,65471.32,0.10268736,37.04,852.4,0.0985,0.108,0.0,0.0
1786343237977,BTC-25SEP26-110000-P,65471.32,0.68030769,52.12,116.1,0.6685,0.689,0.0,0.0
1786343237977,BTC-21AUG26-60000-C,65186.89,0.08194726,35.24,0.0,,,0.0,0.0
1786343237977,BTC-28AUG26-66000-C,65244.49,0.02104256,29.63,855.0,0.0205,0.0215,16.6,24837.98
1786343237977,BTC-25DEC26-130000-C,66193.15,0.00117543,46.46,1576.4,0.001,0.0014,0.2,13.64
1786343237977,BTC-12AUG26-68000-P,65119.74,0.04453196,30.59,0.0,,,0.0,0.0
1786343237977,BTC-14AUG26-64000-P,65136.69,0.00552795,29.57,446.8,0.005,0.0055,109.4,41038.72
1786343237977,BTC-25SEP26-240000-C,65471.32,6e-08,75.51,220.1,,0.0001,0.0,0.0
1786343237977,BTC-26MAR27-92000-C,66888.68,0.02991191,39.88,127.4,0.029,0.0305,0.0,0.0
1786343237977,BTC-13AUG26-61000-C,65129.31,0.06390997,39.78,0.0,,,0.0,0.0
1786343237977,BTC-11AUG26-58000-C,65111.34,0.10921708,48.87,0.0,0.0001,,0.0,0.0
1786343237977,BTC-25JUN27-58000-P,67615.73,0.09101334,44.16,15.0,0.09,0.0925,0.0,0.0
1786343237977,BTC-12AUG26-63000-C,65119.74,0.03337968,31.44,10.0,0.032,0.035,0.0,0.0
1786343237977,BTC-11AUG26-65000-P,65111.21,0.0046631,25.43,6.9,0.0044,0.0049,4.0,1233.97
1786343237977,BTC-26MAR27-96000-P,66888.68,0.45897158,40.02,1.6,,,0.0,0.0
1786343237977,BTC-30OCT26-88000-C,65735.53,0.00402198,37.17,5.0,0.0037,0.0043,1.0,279.25
1786343237977,BTC-28AUG26-64000-P,65244.49,0.01859489,30.79,860.3,0.018,0.019,0.0,0.0
1786343237977,BTC-30OCT26-62000-C,65735.53,0.10156141,38.1,13.5,0.1,0.1035,0.0,0.0
1786343237977,BTC-25SEP26-115000-P,65471.32,0.75667463,55.96,92.4,0.7445,0.7655,0.0,0.0
1786343237977,BTC-25JUN27-74000-C,67617.73,0.11862859,41.63,13.3,0.1175,0.12,0.0,0.0
1786343237977,BTC-25JUN27-68000-C,67617.73,0.1544495,42.32,9.9,0.153,0.156,0.0,0.0
1786343237977,BTC-10AUG26-65000-P,65104.22,0.00048579,20.88,60.8,0.0004,0.0007,20.2,3585.81
1786343237977,BTC-25SEP26-75000-C,65471.32,0.00765251,33.01,3524.0,0.007,0.008,22.1,11191.22
1786343237977,BTC-28AUG26-83000-P,65244.49,0.27235782,42.3,0.1,,,0.0,0.0
1786343237977,BTC-26MAR27-65000-P,66888.68,0.11475661,41.48,650.6,0.113,0.1155,0.0,0.0
1786343237977,BTC-30OCT26-57000-C,65735.53,0.15674126,40.87,0.0,,,0.0,0.0
1786343237977,BTC-14AUG26-58000-C,65136.56,0.10984118,50.94,0.0,,,0.0,0.0
1786343237977,BTC-25DEC26-210000-C,66193.15,0.00010095,58.2,151.7,,0.0002,0.0,0.0
1786343237977,BTC-25DEC26-92000-C,66193.15,0.01095074,39.14,253.8,0.0105,0.0115,0.0,0.0
1786343237977,BTC-12AUG26-61000-P,65119.55,0.00016513,40.39,33.4,0.0001,0.0002,6.0,116.76
1786343237977,BTC-25SEP26-240000-P,65471.32,2.66573176,75.51,0.0,,,0.0,0.0
1786343237977,BTC-26MAR27-90000-C,66888.68,0.03366251,39.84,507.9,0.033,0.0345,0.0,0.0
1786343237977,BTC-14AUG26-67000-P,65136.56,0.03143805,28.4,5.4,,,0.0,0.0
1786343237977,BTC-25DEC26-86000-C,66193.15,0.01823237,38.64,325.4,0.0175,0.019,0.3,350.37
1786343237977,BTC-25SEP26-95000-P,65471.32,0.45154172,43.83,147.6,0.4415,0.459,0.0,0.0
1786343237977,BTC-25JUN27-90000-P,67617.73,0.38857504,40.91,0.5,,,0.0,0.0
1786343237977,BTC-30OCT26-68000-P,65735.53,0.08799707,36.34,2.1,0.0825,0.092,0.0,0.0
1786343237977,BTC-21AUG26-72000-C,65186.89,0.00082808,31.72,333.3,0.0008,0.0009,172.5,11239.64
1786343237977,BTC-26MAR27-160000-P,66886.86,1.39384868,46.76,0.0,,,0.0,0.0
1786343237977,BTC-25DEC26-74000-C,66193.28,0.05152081,38.59,146.9,0.051,0.052,0.2,670.25
1786343237977,BTC-11AUG26-59000-C,65111.21,0.09385929,48.87,0.0,0.0001,,0.0,0.0
1786343237977,BTC-13AUG26-67000-P,65129.39,0.03056995,28.37,0.0,,,0.0,0.0
1786343237977,BTC-25SEP26-58000-P,65471.32,0.01358259,38.87,1210.3,0.013,0.014,1.1,1017.47
1786343237977,BTC-10AUG26-71000-C,65104.3,0.0,38.97,30.4,,0.0001,0.0,0.0
1786343237977,BTC-25DEC26-54000-C,66193.28,0.21608036,44.23,33.1,0.214,0.218,0.0,0.0
1786343237977,BTC-25DEC26-200000-C,66193.28,0.00016304,58.2,951.5,,0.0002,0.0,0.0
1786343237977,BTC-11AUG26-66000-C,65111.21,0.00137048,26.82,59.5,0.0012,0.0016,44.3,4771.05
1786343237977,BTC-13AUG26-69000-P,65129.31,0.05975867,32.89,0.0,,,0.0,0.0
1786343237977,BTC-10AUG26-60000-P,65104.22,0.0,43.1,9.4,,0.0001,0.0,0.0
1786343237977,BTC-13AUG26-63000-C,65129.31,0.03454676,32.01,0.0,,,0.0,0.0
1786343237977,BTC-25SEP26-320000-C,65471.32,1e-08,85.42,276.6,,0.0001,0.0,0.0
1786343237977,BTC-25JUN27-72000-P,67617.73,0.1946783,41.87,1.3,0.185,0.202,0.0,0.0
1786343237977,BTC-21AUG26-64000-P,65186.89,0.01230138,29.2,118.0,0.012,0.0125,12.2,9196.05
1786343237977,BTC-25DEC26-45000-C,66193.15,0.33373375,51.24,54.3,0.332,0.336,0.0,0.0
1786343237977,BTC-11AUG26-69000-P,65111.21,0.05973703,37.43,0.0,0.0001,,0.0,0.0
1786343237977,BTC-21AUG26-58000-C,65186.89,0.11139377,39.34,0.0,,,0.0,0.0
1786343237977,BTC-25JUN27-70000-C,67615.73,0.14156068,42.05,191.9,0.14,0.143,5.5,50073.66
1786343237977,BTC-21AUG26-61000-C,65185.03,0.0677718,33.43,2.0,0.011,,0.0,0.0
1786343237977,BTC-11AUG26-60000-C,65111.34,0.07850724,48.87,0.0,0.0001,,0.0,0.0
1786343237977,BTC-25DEC26-68000-P,66193.15,0.11146889,39.33,455.9,0.11,0.1125,0.0,0.0
1786343237977,BTC-25DEC26-115000-P,66193.15,0.73962992,43.1,0.7,,,0.0,0.0
1786343237977,BTC-26MAR27-98000-P,66888.68,0.48636781,40.14,0.2,,,0.0,0.0
1786343237977,BTC-28AUG26-100000-P,65244.49,0.53277668,59.75,0.5,,,0.0,0.0
1786343237977,BTC-25JUN27-78000-P,67615.73,0.25268907,41.31,0.4,0.242,0.2605,0.0,0.0
1786343237977,BTC-30OCT26-48000-P,65735.53,0.00803018,49.31,155.1,0.0075,0.0085,0.1,51.85
1786343237977,BTC-25SEP26-84000-C,65471.45,0.00160192,36.78,1668.0,0.0015,0.0017,2.3,253.28
1786343237977,BTC-12AUG26-65000-P,65119.74,0.00717637,26.85,2.2,0.0065,0.0075,2.2,1033.28
1786343237977,BTC-25DEC26-102000-P,66193.15,0.54633563,41.01,7.8,,,0.0,0.0
1786343237977,BTC-25JUN27-120000-C,67615.73,0.01620785,41.81,102.7,0.0155,0.017,6.5,6725.35
1786343237977,BTC-25SEP26-165000-C,65471.32,2.952e-05,75.32,184.2,,0.0002,0.0,0.0
1786343237977,BTC-10AUG26-69000-P,65104.22,0.05983783,38.97,0.0,0.0001,,0.0,0.0
1786343237977,BTC-13AUG26-62000-P,65129.31,0.00090613,35.54,34.6,0.0008,0.001,34.7,2438.45
1786343237977,BTC-11AUG26-72000-C,65111.21,0.0,37.44,0.0,,0.0001,0.0,0.0
1786343237977,BTC-28AUG26-98000-P,65244.49,0.50213275,58.66,0.0,,,0.0,0.0
1786343237977,BTC-25SEP26-65000-P,65471.32,0.0447924,34.23,658.6,0.0445,0.0455,0.0,0.0
1786343237977,BTC-26MAR27-170000-P,66888.68,1.54304299,48.24,0.1,,,0.0,0.0
1786343237977,BTC-14AUG26-80000-C,65136.69,1.02e-06,51.26,905.1,,0.0001,0.0,0.0
1786343237977,BTC-25SEP26-160000-P,65471.32,1.44386658,75.32,0.6,,,0.0,0.0
1786343237977,BTC-25SEP26-80000-P,65471.32,0.22472914,34.32,612.6,0.2165,0.231,0.0,0.0
1786343237977,BTC-21AUG26-56000-P,65186.89,0.00060532,43.71,36.6,0.0005,0.0007,16.2,734.85
1786343237977,BTC-25SEP26-180000-C,65471.32,8.17e-06,75.32,748.1,,0.0002,0.0,0.0
1786343237977,BTC-26MAR27-90000-P,66886.86,0.37922974,39.84,14.1,,,0.0,0.0
1786343237977,BTC-30OCT26-80000-P,65735.53,0.22804635,35.64,0.5,,,0.0,0.0
1786343237977,BTC-26MAR27-54000-P,66888.68,0.05212333,44.49,58.7,0.051,0.053,0.0,0.0
1786343237977,BTC-28AUG26-90000-C,65244.49,0.00014137,53.3,329.8,0.0001,0.0002,0.0,0.0
1786343237977,BTC-26MAR27-60000-P,66888.68,0.08165957,42.54,613.2,0.0805,0.0825,2.1,11124.98
1786343237977,BTC-13AUG26-63500-P,65129.31,0.00275417,30.57,0.5,0.0025,0.003,0.5,103.46
1786343237977,BTC-25DEC26-65000-C,66193.15,0.10566119,39.88,843.6,0.105,0.1065,50.0,340533.09
1786343237977,BTC-10AUG26-66500-C,65104.3,0.0,35.99,77.9,,0.0001,19.7,233.48
1786343237977,BTC-28AUG26-53000-C,65244.49,0.18865259,48.54,10.9,0.185,0.194,0.0,0.0
1786343237977,BTC-25DEC26-190000-C,66193.15,0.00015323,55.54,991.8,,0.0003,1.2,8.46
1786343237977,BTC-25SEP26-105000-P,65471.45,0.60403311,50.08,104.6,0.593,0.6125,0.0,0.0
1786343237977,BTC-12AUG26-59000-C,65119.74,0.09400735,50.81,0.0,,,0.0,0.0
1786343237977,BTC-25DEC26-230000-P,66193.15,2.47478708,62.41,0.0,,,0.0,0.0
1786343237977,BTC-25SEP26-72000-C,65471.32,0.01417547,32.71,2868.7,0.0135,0.0145,122.9,111727.34
1786343237977,BTC-10AUG26-60000-C,65104.22,0.07840189,43.1,0.0,0.0001,,0.0,0.0
1786343237977,BTC-25SEP26-130000-P,65471.32,0.98570987,63.53,21.4,,,0.0,0.0
1786343237977,BTC-25SEP26-70000-P,65471.45,0.09045343,32.88,1515.0,0.084,0.095,1.3,7845.37
1786343237977,BTC-26MAR27-150000-C,66888.68,0.00225748,45.44,1902.5,0.002,0.0025,0.3,40.81
1786343237977,BTC-25DEC26-45000-P,66193.15,0.01356281,51.24,2907.1,0.013,0.014,0.6,546.01
1786343237977,BTC-30OCT26-67000-P,65735.53,0.07939241,36.58,12.1,0.0785,0.08,0.0,0.0
1786343237977,BTC-25JUN27-60000-C,67615.73,0.21552805,43.72,943.4,0.214,0.217,0.0,0.0
1786343237977,BTC-11AUG26-67000-C,65111.21,0.00026659,30.22,107.5,0.0002,0.0004,15.2,494.27
1786343237977,BTC-12AUG26-71000-C,65119.55,1.691e-05,39.66,0.0,,0.0001,0.0,0.0
1786343237977,BTC-11AUG26-64500-C,65111.34,0.01156017,26.45,0.9,0.009,0.018,0.0,0.0
1786343237977,BTC-14AUG26-50000-P,65136.69,8.8e-07,65.33,156.5,,0.0001,0.0,0.0
1786343237977,BTC-21AUG26-67000-C,65185.03,0.00865355,27.68,1121.2,0.008,0.009,55.2,35513.64
1786343237977,BTC-30OCT26-59000-C,65735.53,0.13329646,39.64,1.0,,,0.0,0.0
1786343237977,BTC-25SEP26-220000-C,65471.45,3e-07,75.38,230.1,,0.0002,0.0,0.0
1786343237977,BTC-26MAR27-106000-C,66888.68,0.01370241,40.68,43.6,0.013,0.0145,0.0,0.0
1786343237977,BTC-30OCT26-48000-C,65735.53,0.27783023,49.31,0.1,,,0.0,0.0
1786343237977,BTC-10AUG26-64500-P,65104.22,5e-06,26.84,121.3,,0.0001,126.5,8213.89
1786343237977,BTC-28AUG26-80000-C,65244.49,0.00024186,37.94,2144.6,0.0002,0.0003,0.0,0.0
1786343237977,BTC-25SEP26-100000-C,65471.32,0.00032259,46.32,3631.1,0.0002,0.0005,0.0,0.0
1786343237977,BTC-26MAR27-98000-C,66888.68,0.02119461,40.14,102.6,0.0205,0.022,0.0,0.0
1786343237977,BTC-30OCT26-88000-P,65735.53,0.34272187,37.17,0.0,,,0.0,0.0
1786343237977,BTC-14AUG26-65000-P,65136.56,0.01093214,28.42,105.7,0.0105,0.0115,10.1,7878.0
1786343237977,BTC-25SEP26-60000-P,65471.45,0.01912028,37.04,4781.7,0.0185,0.0195,103.4,131688.23
1786343237977,BTC-25DEC26-72000-P,66193.28,0.14862162,38.76,330.5,0.1405,0.1535,0.0,0.0
1786343237977,BTC-26MAR27-56000-C,66888.68,0.22361464,43.77,16.9,0.219,0.23,0.0,0.0
1786343237977,BTC-28AUG26-62000-P,65244.49,0.01007199,32.63,1273.2,0.0095,0.0105,0.8,561.79
1786343237977,BTC-25JUN27-55000-C,67615.73,0.26185626,45.0,1.0,0.2605,0.2635,0.0,0.0
1786343237977,BTC-12AUG26-62500-P,65119.55,0.00051963,33.29,19.1,0.0004,0.0006,18.3,1219.92
1786343237977,BTC-25DEC26-56000-C,66193.15,0.19282454,43.21,41.4,0.1905,0.1945,0.0,0.0
1786343237977,BTC-25SEP26-52000-P,65471.32,0.00519658,45.96,1312.4,0.005,0.0055,51.2,18027.5
1786343237977,BTC-26MAR27-86000-P,66888.68,0.32840021,39.79,1.8,,,0.0,0.0
1786343237977,BTC-26MAR27-40000-P,66888.68,0.01726892,53.3,1132.3,0.0165,0.0175,0.1,113.35
1786343237977,BTC-26MAR27-120000-C,66888.68,0.00670769,41.74,328.5,0.006,0.0075,0.9,412.67
1786343237977,BTC-13AUG26-59000-C,65129.31,0.09429713,48.27,0.0,,,0.0,0.0
1786343237977,BTC-30OCT26-80000-C,65735.53,0.01104645,35.64,192.4,0.0105,0.0115,11.6,8110.76
1786343237977,BTC-25JUN27-140000-C,67617.73,0.00820921,43.28,216.4,0.0075,0.009,2.0,1103.96
1786343237977,BTC-12AUG26-70000-P,65119.55,0.07503483,38.55,0.0,,,0.0,0.0
1786343237977,BTC-25SEP26-190000-C,65471.45,3.55e-06,75.38,772.5,,0.0002,0.0,0.0
1786343237977,BTC-10AUG26-70000-P,65104.22,0.0751978,38.97,0.0,0.0001,,0.0,0.0
1786343237977,BTC-10AUG26-63000-C,65104.3,0.03232198,43.04,0.0,0.0001,,0.0,0.0
1786343237977,BTC-26MAR27-56000-P,66888.68,0.06085647,43.77,83.2,0.06,0.062,0.0,0.0
1786343237977,BTC-25JUN27-56000-C,67615.73,0.25208667,44.71,2.0,0.251,0.254,0.0,0.0
1786343237977,BTC-25SEP26-64000-C,65471.32,0.060572,34.64,594.0,0.06,0.061,0.0,0.0
1786343237977,BTC-28AUG26-40000-P,65244.49,2.489e-05,69.36,751.3,,0.0001,1.0,6.48
1786343237977,BTC-25SEP26-220000-P,65471.45,2.36025436,75.38,1.8,,,0.0,0.0
1786343237977,BTC-25DEC26-50000-C,66193.15,0.26643086,47.03,260.8,0.2625,0.2725,0.0,0.0
1786343237977,BTC-14AUG26-52000-C,65136.56,0.20168584,65.33,0.0,,,0.0,0.0
1786343237977,BTC-30OCT26-45000-P,65735.53,0.00554202,52.49,35.3,0.005,0.006,0.0,0.0
1786343237977,BTC-30OCT26-69000-C,65735.53,0.04754697,36.16,35.5,0.047,0.048,0.0,0.0
1786343237977,BTC-25JUN27-84000-C,67617.73,0.07561224,41.06,2.7,0.0745,0.077,0.0,0.0
1786343237977,BTC-11AUG26-61000-C,65111.34,0.06316893,45.1,0.0,0.0001,,0.0,0.0
1786343237977,BTC-25SEP26-40000-P,65471.32,0.00120336,66.24,2309.7,0.0011,0.0013,1.5,116.41
1786343237977,BTC-25SEP26-280000-P,65471.32,3.27668701,81.51,0.0,,,0.0,0.0
1786343237977,BTC-30OCT26-69000-P,65735.53,0.09720939,36.16,0.0,0.0905,0.1015,0.0,0.0
1786343237977,BTC-11AUG26-59000-P,65111.21,5.6e-07,48.87,6.9,,0.0001,0.0,0.0
1786343237977,BTC-12AUG26-62500-C,65119.74,0.04072195,33.29,0.0,,,0.0,0.0
1786343237977,BTC-30OCT26-62000-P,65735.53,0.04473633,38.1,22.9,0.044,0.0455,0.0,0.0
1786343237977,BTC-10AUG26-66000-P,65104.3,0.01375802,27.67,0.0,0.0001,0.048,0.0,0.0
1786343237977,BTC-25JUN27-88000-P,67615.73,0.36443473,40.93,0.1,,,0.0,0.0
1786343237977,BTC-30OCT26-40000-C,65735.53,0.39492754,59.83,0.0,0.393,0.397,0.0,0.0
1786343237977,BTC-30OCT26-86000-P,65735.53,0.31341541,36.75,0.1,,,0.0,0.0
1786343237977,BTC-10AUG26-71000-P,65104.22,0.09055777,38.97,0.0,0.0001,,0.0,0.0
1786343237977,BTC-26MAR27-82000-P,66888.68,0.27965021,39.7,3.9,,,0.0,0.0
1786343237977,BTC-11AUG26-67500-P,65111.21,0.03681907,32.52,0.0,0.0001,,0.0,0.0
1786343237977,BTC-25DEC26-64000-C,66193.15,0.11363156,40.1,420.6,0.113,0.115,0.2,1445.25
1786343237977,BTC-26MAR27-95000-P,66886.86,0.44550555,40.01,0.6,,,0.0,0.0
1786343237977,BTC-25DEC26-95000-C,66193.15,0.00869651,39.6,1305.0,0.008,0.0095,2.9,1604.8
1786343237977,BTC-25SEP26-95000-C,65471.32,0.00052293,43.83,1862.7,0.0004,0.0007,0.0,0.0
1786343237977,BTC-25SEP26-35000-C,65471.32,0.4660847,75.9,29.3,0.4645,0.468,0.0,0.0
1786343237977,BTC-25DEC26-240000-P,66193.15,2.62582717,62.53,0.0,,,0.0,0.0
1786343237977,BTC-28AUG26-86000-P,65244.49,0.31830417,46.59,0.0,,,0.0,0.0
1786343237977,BTC-25JUN27-105000-C,67617.73,0.02990464,41.21,98.1,0.029,0.0305,0.1,198.79
1786343237977,BTC-25DEC26-86000-P,66193.15,0.31746125,38.64,23.4,,,0.0,0.0
1786343237977,BTC-28AUG26-79000-C,65244.49,0.00028253,36.59,663.4,0.0002,0.0004,1.2,23.41
1786343237977,BTC-25SEP26-200000-C,65471.32,1.54e-06,75.38,1009.2,,0.0002,0.0,0.0
1786343237977,BTC-28AUG26-78000-P,65244.49,0.19588568,35.35,4.1,,,0.0,0.0
1786343237977,BTC-12AUG26-66500-P,65119.55,0.02283227,27.04,0.0,,,0.0,0.0
1786343237977,BTC-26MAR27-150000-P,66886.86,1.24486953,45.44,0.5,,,0.0,0.0
1786343237977,BTC-10AUG26-68000-C,65104.22,0.0,38.79,5.8,,0.0001,0.0,0.0
1786343237977,BTC-25SEP26-45000-P,65471.32,0.00200542,56.57,2176.4,0.0018,0.0022,0.5,68.04
1786343237977,BTC-25DEC26-20000-C,66193.15,0.69914473,87.63,2.7,0.6985,0.7005,0.2,9125.41
1786343237977,BTC-26MAR27-110000-C,66888.68,0.01095656,40.86,531.9,0.0105,0.0115,0.0,0.0
1786343237977,BTC-25SEP26-145000-C,65471.45,6.779e-05,69.92,493.3,,0.0002,0.0,0.0
1786343237977,BTC-26MAR27-125000-C,66888.68,0.00546568,42.39,125.8,0.005,0.006,0.3,104.06
1786343237977,BTC-25DEC26-150000-P,66193.28,1.26672075,50.82,2.0,,,0.0,0.0
1786343237977,BTC-25JUN27-120000-P,67615.73,0.79094963,41.81,0.1,,,0.0,0.0
1786343237977,BTC-30OCT26-63000-P,65735.53,0.05039715,37.66,297.8,0.05,0.051,3.0,9897.04
1786343237977,BTC-25SEP26-160000-C,65471.32,4.544e-05,75.32,1444.3,,0.0002,0.0,0.0
1786343237977,BTC-12AUG26-66000-C,65119.74,0.00302034,26.63,118.0,0.0028,0.0033,15.6,2858.09
1786343237977,BTC-25JUN27-64000-P,67617.73,0.12949137,42.93,13.6,0.128,0.131,0.0,0.0
1786343237977,BTC-12AUG26-72000-C,65119.74,3.07e-06,39.66,0.0,,0.0001,0.0,0.0
1786343237977,BTC-11AUG26-65500-C,65111.21,0.00316757,26.19,107.6,0.003,0.0034,21.0,6366.8
1786343237977,BTC-25JUN27-95000-C,67615.73,0.04592175,40.9,27.0,0.045,0.047,0.0,0.0
1786343237977,BTC-25DEC26-98000-C,66193.28,0.00696079,40.1,210.1,0.0065,0.0075,0.0,0.0
1786343237977,BTC-14AUG26-52000-P,65136.56,8.87e-06,65.33,238.8,,0.0001,0.0,0.0
1786343237977,BTC-12AUG26-67500-P,65119.74,0.03704714,29.06,0.0,,,0.0,0.0
1786343237977,BTC-11AUG26-65500-P,65111.34,0.00913797,26.19,0.0,0.0085,0.0095,0.0,0.0
1786343237977,BTC-25DEC26-108000-P,66193.28,0.63507638,41.79,0.1,,,0.0,0.0
1786343237977,BTC-21AUG26-56000-C,65186.89,0.14151381,43.71,0.0,,,0.0,0.0
1786343237977,BTC-25JUN27-74000-P,67617.73,0.21305269,41.63,0.1,0.203,0.2205,0.0,0.0
1786343237977,BTC-28AUG26-94000-P,65244.36,0.44086922,56.89,0.0,,,0.0,0.0
1786343237977,BTC-25SEP26-86000-C,65471.45,0.00122082,37.9,898.4,0.001,0.0014,24.5,1916.06
1786343237977,BTC-13AUG26-72000-P,65129.39,0.10556635,43.17,0.0,,,0.0,0.0
1786343237977,BTC-25DEC26-115000-C,66193.15,0.00228898,43.1,2339.9,0.002,0.0025,0.0,0.0
1786343237977,BTC-26MAR27-140000-P,66888.68,1.09618748,44.15,0.0,,,0.0,0.0
1786343237977,BTC-13AUG26-62500-P,65129.39,0.00128241,33.72,17.2,0.0011,0.0014,17.2,1683.96
1786343237977,BTC-25DEC26-80000-P,66193.15,0.23969032,38.61,951.8,0.2295,0.2445,0.0,0.0
1786343237977,BTC-25SEP26-56000-P,65471.32,0.00955806,40.76,1307.4,0.009,0.01,14.0,8961.68
1786343237977,BTC-28AUG26-50000-P,65244.49,0.00055474,54.91,2860.3,0.0005,0.0006,5.7,218.44
1786343237977,BTC-26MAR27-70000-P,66886.86,0.15528109,40.68,211.8,0.153,0.157,0.0,0.0
1786343237977,BTC-25JUN27-86000-C,67615.73,0.06894696,40.98,2.7,0.068,0.07,0.0,0.0
1786343237977,BTC-26MAR27-64000-C,66888.68,0.15041058,41.57,135.2,0.149,0.1525,0.0,0.0
1786343237977,BTC-25DEC26-82000-P,66193.28,0.26489865,38.62,158.8,0.2545,0.27,0.0,0.0
1786343237977,BTC-28AUG26-78000-C,65244.49,0.00034248,35.35,1332.4,0.0003,0.0004,0.0,0.0
1786343237977,BTC-25DEC26-90000-P,66193.28,0.37260087,38.94,590.6,0.361,0.379,0.0,0.0
1786343237977,BTC-28AUG26-92000-C,65244.49,0.00014145,56.51,91.7,0.0001,0.0002,25.0,162.18
1786343237977,BTC-26MAR27-50000-C,66888.68,0.29054898,46.35,20.6,0.2855,0.297,0.0,0.0
1786343237977,BTC-13AUG26-71000-P,65129.39,0.09022984,38.76,0.0,,,0.0,0.0
1786343237977,BTC-28AUG26-79000-P,65244.49,0.21115321,36.59,0.7,,,0.0,0.0
1786343237977,BTC-30OCT26-74000-P,65735.53,0.15082246,35.58,0.0,,,0.0,0.0
1786343237977,BTC-25JUN27-140000-P,67617.73,1.07874129,43.28,0.0,,,0.0,0.0
1786343237977,BTC-25DEC26-180000-P,66193.28,1.71952993,54.55,0.0,,,0.0,0.0
1786343237977,BTC-28AUG26-88000-P,65244.49,0.34895924,50.0,0.0,,,0.0,0.0
1786343237977,BTC-12AUG26-64500-C,65119.74,0.01373929,27.22,5.2,0.013,0.014,5.2,4224.62
1786343237977,BTC-28AUG26-96000-P,65244.49,0.47148652,56.89,0.2,,,0.0,0.0
1786343237977,BTC-28AUG26-86000-C,65244.49,0.00014116,46.59,190.4,0.0001,0.0002,0.0,0.0
1786343237977,BTC-25JUN27-76000-C,67615.73,0.10855049,41.48,23.6,0.107,0.11,0.0,0.0
1786343237977,BTC-25DEC26-35000-P,66193.15,0.00575427,63.11,2332.9,0.0055,0.006,0.2,78.07
1786343237977,BTC-10AUG26-67000-C,65104.22,0.0,38.63,573.9,,0.0001,2.0,12.96
1786343237977,BTC-25SEP26-150000-P,65471.32,1.29114999,72.57,0.7,,,0.0,0.0
1786343237977,BTC-28AUG26-57000-C,65244.49,0.12882459,40.57,28.5,0.125,0.1345,0.0,0.0
1786343237977,BTC-30OCT26-61000-C,65735.53,0.11155133,38.52,1.2,0.11,0.1135,0.0,0.0
1786343237977,BTC-11AUG26-66500-C,65111.21,0.00060158,28.43,60.3,0.0005,0.0007,26.6,1395.53
1786343237977,BTC-26MAR27-50000-P,66888.68,0.03808633,46.35,2052.2,0.037,0.039,0.1,250.38
1786343237977,BTC-26MAR27-190000-C,66888.68,0.00102256,51.07,883.8,0.0008,0.0013,1.1,57.88
1786343237977,BTC-25DEC26-110000-C,66193.15,0.00308015,42.17,2639.6,0.0028,0.0034,0.5,98.06
1786343237977,BTC-28AUG26-48000-P,65244.49,0.0003514,58.66,1634.3,0.0003,0.0004,3.6,93.21
1786343237977,BTC-25SEP26-88000-P,65471.45,0.34502937,38.91,5.7,,,0.0,0.0
1786343237977,BTC-21AUG26-59000-C,65186.89,0.09656213,37.33,0.0,,,0.0,0.0
1786343237977,BTC-12AUG26-69000-P,65119.74,0.05975211,35.11,0.0,,,0.0,0.0
1786343237977,BTC-14AUG26-60000-C,65136.56,0.0793638,41.66,1.0,,,0.0,0.0
1786343237977,BTC-26MAR27-76000-P,66888.68,0.21289478,39.97,19.2,0.203,0.22,0.0,0.0
1786343237977,BTC-30OCT26-64000-C,65735.66,0.08316355,37.33,415.8,0.0825,0.084,2.0,11021.96
1786343237977,BTC-25SEP26-76000-C,65471.45,0.00617301,33.12,2583.4,0.006,0.0065,0.4,166.37
1786343237977,BTC-12AUG26-63500-C,65119.74,0.02628209,29.7,0.0,,,0.0,0.0
1786343237977,BTC-25SEP26-110000-C,65471.32,0.00018066,52.12,1307.7,0.0001,0.0003,20.7,269.17
1786343237977,BTC-25DEC26-82000-C,66193.28,0.02609902,38.62,531.8,0.0255,0.0265,1.0,1687.05
1786343237977,BTC-12AUG26-64000-C,65119.55,0.0196351,28.26,0.0,,,0.0,0.0
1786343237977,BTC-12AUG26-60000-P,65119.55,0.00011946,47.04,10.7,,0.0002,2.4,40.9
1786343237977,BTC-13AUG26-69000-C,65129.39,0.00032912,32.89,2.4,0.0003,0.0004,2.4,69.03
1786343237977,BTC-25SEP26-55000-P,65471.32,0.00830111,42.19,2604.3,0.008,0.0085,0.5,275.96
1786343237977,BTC-25DEC26-130000-P,66193.15,0.96512606,46.46,54.9,0.9475,0.9755,0.1,6315.03
1786343237977,BTC-25DEC26-106000-C,66193.28,0.00393279,41.37,320.2,0.0036,0.0042,0.0,0.0
1786343237977,BTC-25DEC26-30000-C,66193.15,0.5503945,70.0,291.0,0.5495,0.552,0.0,0.0
1786343237977,BTC-25DEC26-180000-C,66193.15,0.00021367,54.55,923.8,0.0001,0.0004,0.1,1.3
1786343237977,BTC-25SEP26-74000-P,65471.45,0.1396906,32.89,110.7,0.132,0.145,0.0,0.0
1786343237977,BTC-25DEC26-106000-P,66193.28,0.60530792,41.37,0.2,,,0.0,0.0
1786343237977,BTC-28AUG26-84000-P,65244.49,0.28767385,43.82,0.8,,,0.3,5537.4
1786343237977,BTC-26MAR27-88000-P,66886.86,0.35348883,39.79,4.5,,,0.0,0.0
1786343237977,BTC-30OCT26-57000-P,65735.53,0.02385369,40.87,64.3,0.023,0.0245,0.1,156.32
1786343237977,BTC-14AUG26-64000-C,65136.56,0.02297653,29.57,223.9,0.0205,0.0235,1.4,1954.44
1786343237977,BTC-25DEC26-62000-P,66193.15,0.06755029,40.64,957.4,0.0665,0.0685,0.0,0.0
1786343237977,BTC-25SEP26-45000-C,65471.32,0.31468073,56.57,224.8,0.3115,0.3195,0.0,0.0
1786343237977,BTC-26MAR27-200000-C,66888.68,0.00078279,51.68,503.7,0.0006,0.001,1.0,45.56
1786343237977,BTC-14AUG26-50000-C,65136.56,0.23238258,65.33,0.0,,,0.0,0.0
1786343237977,BTC-30OCT26-60000-P,65735.53,0.0349019,39.04,37.9,0.034,0.0355,0.0,0.0
1786343237977,BTC-30OCT26-52000-P,65735.53,0.01257377,44.79,40.0,0.012,0.013,0.0,0.0
1786343237977,BTC-25DEC26-140000-P,66193.15,1.1158999,48.97,0.2,,,0.0,0.0
1786343237977,BTC-25SEP26-125000-P,65471.32,0.90937412,61.77,21.8,,,0.0,0.0
1786343237977,BTC-10AUG26-65000-C,65104.22,0.00208783,20.88,201.0,0.0015,0.0029,72.1,12521.07
1786343237977,BTC-28AUG26-92000-P,65244.49,0.41026933,56.51,1.2,,,0.3,7925.31
1786343237977,BTC-12AUG26-65500-P,65119.55,0.01121994,26.4,0.1,0.0105,0.012,0.1,68.44
1786343237977,BTC-11AUG26-64500-P,65111.21,0.00217224,26.45,85.4,0.0019,0.0021,63.1,16563.87
1786343237977,BTC-25JUN27-55000-P,67615.73,0.07527958,45.0,8.8,0.074,0.0765,0.0,0.0
1786343237977,BTC-26MAR27-102000-P,66888.68,0.54169552,40.22,0.1,,,0.0,0.0
1786343237977,BTC-28AUG26-75000-P,65244.49,0.15033787,32.37,44.2,0.143,0.1555,0.0,0.0
1786343237977,BTC-10AUG26-57000-C,65104.22,0.12448179,48.27,0.0,0.0001,,0.0,0.0
1786343237977,BTC-26MAR27-96000-C,66888.68,0.02369987,40.02,132.9,0.023,0.0245,0.0,0.0
1786343237977,BTC-30OCT26-60000-C,65735.53,0.12215197,39.04,11.4,0.1205,0.124,5.0,38830.7
1786343237977,BTC-25SEP26-98000-P,65471.32,0.49726807,45.84,0.1,,,0.0,0.0
1786343237977,BTC-25SEP26-40000-C,65471.32,0.39024808,66.24,34.4,0.3885,0.392,0.0,0.0
1786343237977,BTC-28AUG26-77000-C,65244.49,0.00043949,34.31,220.8,0.0004,0.0005,0.6,19.51
1786343237977,BTC-30OCT26-76000-P,65735.66,0.17537578,35.57,0.0,,,0.0,0.0
1786343237977,BTC-25SEP26-155000-C,65471.45,6.754e-05,75.11,363.1,,0.0002,0.0,0.0
1786343237977,BTC-25JUN27-100000-P,67615.73,0.51588158,41.02,0.1,,,0.0,0.0
1786343237977,BTC-30OCT26-45000-C,65735.53,0.32097957,52.49,0.0,,,0.0,0.0
1786343237977,BTC-30OCT26-66000-C,65735.53,0.0673382,36.85,145.7,0.0665,0.068,6.1,27266.31
1786343237977,BTC-28AUG26-82000-P,65244.49,0.25707527,41.48,1.5,,,0.0,0.0
1786343237977,BTC-12AUG26-63000-P,65119.74,0.00085574,31.44,46.4,0.0007,0.001,46.2,3243.87
1786343237977,BTC-11AUG26-62000-C,65111.21,0.04793229,43.23,0.0,0.0001,,0.0,0.0
1786343237977,BTC-30OCT26-58000-C,65735.53,0.14462448,40.1,0.0,,,0.0,0.0
1786343237977,BTC-25DEC26-70000-P,66193.15,0.1291606,38.96,1004.7,0.1275,0.1305,0.0,0.0
1786343237977,BTC-25SEP26-68000-P,65471.32,0.06974186,33.23,636.3,0.0685,0.0705,2.5,11459.23
1786343237977,BTC-30OCT26-90000-C,65735.53,0.0032155,37.73,29.7,0.0029,0.0035,1.0,194.83
1786343237977,BTC-25DEC26-125000-C,66193.15,0.00141749,45.26,595.9,0.0012,0.0017,1.0,78.02
1786343237977,BTC-26MAR27-95000-C,66886.86,0.02518458,40.01,344.4,0.0245,0.026,0.0,0.0
1786343237977,BTC-30OCT26-56000-C,65735.53,0.16897257,41.48,0.0,,,0.0,0.0
1786343237977,BTC-25JUN27-40000-P,67615.73,0.02629147,52.06,505.7,0.0255,0.027,0.0,0.0
1786343237977,BTC-25DEC26-70000-C,66193.15,0.07164872,38.96,1569.2,0.071,0.0725,0.0,0.0
1786343237977,BTC-25DEC26-30000-P,66193.28,0.00361388,70.0,2136.6,0.0034,0.0038,0.0,0.0
1786343237977,BTC-25SEP26-140000-C,65471.32,0.00010747,69.71,1184.4,,0.0002,0.0,0.0
1786343237977,BTC-21AUG26-65000-P,65186.89,0.01835772,28.47,103.8,0.018,0.019,12.3,15214.16
1786343237977,BTC-25JUN27-95000-P,67615.73,0.45092566,40.9,20.1,,,0.0,0.0
1786343237977,BTC-25DEC26-100000-C,66193.28,0.00622067,40.69,3655.3,0.006,0.0065,5.8,2259.48
1786343237977,BTC-30OCT26-70000-P,65735.66,0.10690365,35.97,11.3,0.1,0.111,0.0,0.0
1786343237977,BTC-25JUN27-82000-P,67615.73,0.29536199,41.09,0.2,0.2835,0.304,0.0,0.0
1786343237977,BTC-25SEP26-180000-P,65471.32,1.74930695,75.32,7.3,,,0.0,0.0
1786343237977,BTC-21AUG26-66000-P,65185.03,0.02635189,27.85,9.2,0.0255,0.027,1.5,2621.61
1786343237977,BTC-26MAR27-62000-P,66888.68,0.09380175,42.01,244.2,0.0925,0.095,0.0,0.0
1786343237977,BTC-25SEP26-102000-P,65471.32,0.55825858,48.2,0.4,,,0.0,0.0
1786343237977,BTC-30OCT26-68000-C,65735.53,0.05354715,36.34,65.6,0.053,0.0545,0.0,0.0
1786343237977,BTC-28AUG26-59000-C,65244.49,0.09988738,37.03,214.3,0.0955,0.1055,0.0,0.0
1786343237977,BTC-14AUG26-75000-P,65136.56,0.15143636,41.81,0.4,,,0.0,0.0
1786343237977,BTC-14AUG26-67000-C,65136.56,0.00282953,28.4,861.6,0.0026,0.0031,174.4,40473.95
1786343237977,BTC-25DEC26-105000-C,66193.15,0.00421085,41.2,834.3,0.0039,0.0045,6.9,1883.33
1786343237977,BTC-12AUG26-67000-P,65119.74,0.02975339,27.86,0.0,,,0.0,0.0
1786343237977,BTC-14AUG26-58000-P,65136.56,0.00027841,50.94,1569.5,0.0002,0.0004,168.1,4340.06
1786343237977,BTC-25DEC26-52000-C,66193.15,0.24075218,45.54,0.1,,,0.0,0.0
1786343237977,BTC-25DEC26-58000-P,66193.15,0.04690819,42.22,2135.6,0.0465,0.0475,0.1,303.55
1786343237977,BTC-21AUG26-63000-P,65186.89,0.00813665,30.36,101.5,0.0075,0.0085,17.1,9881.49
1786343237977,BTC-11AUG26-70000-P,65111.21,0.07508375,37.43,0.0,0.0001,,0.0,0.0
1786343237977,BTC-25SEP26-145000-P,65471.45,1.21478069,69.92,0.2,,,0.0,0.0
1786343237977,BTC-13AUG26-58000-C,65129.31,0.10961121,53.8,0.0,,,0.0,0.0
1786343237977,BTC-28AUG26-105000-P,65244.49,0.60940208,63.37,1.0,,,0.0,0.0
1786343237977,BTC-30OCT26-55000-C,65735.53,0.18167854,42.23,0.0,,,0.0,0.0
1786343237977,BTC-25DEC26-94000-P,66193.15,0.42954217,39.52,5.3,,,0.0,0.0
1786343237977,BTC-25DEC26-220000-C,66193.28,8.511e-05,59.49,252.8,,0.0002,0.0,0.0
1786343237977,BTC-26MAR27-80000-C,66888.68,0.06061509,39.8,923.4,0.06,0.0615,5.1,20215.89
1786343237977,BTC-25SEP26-175000-P,65471.32,1.67294188,75.32,0.2,,,0.0,0.0
1786343237977,BTC-25JUN27-66000-C,67617.73,0.16831395,42.63,27.2,0.167,0.17,0.0,0.0
1786343237977,BTC-25DEC26-56000-P,66193.15,0.03883405,43.21,462.3,0.038,0.0395,0.0,0.0
1786343237977,BTC-28AUG26-75000-C,65244.49,0.0007771,32.37,2435.3,0.0007,0.0008,15.5,906.12
1786343237977,BTC-25SEP26-75000-P,65471.32,0.15319366,33.01,2967.4,0.1455,0.159,0.0,0.0
1786343237977,BTC-25JUN27-66000-P,67617.73,0.14442194,42.63,35.1,0.143,0.146,0.0,0.0
1786343237977,BTC-13AUG26-64500-C,65129.31,0.01590077,28.48,20.0,0.015,0.0165,20.0,20053.64
1786343237977,BTC-25DEC26-94000-C,66193.15,0.00945479,39.52,117.5,0.009,0.01,0.0,0.0
1786343237977,BTC-14AUG26-62000-P,65136.56,0.00138444,34.19,1672.3,0.0012,0.0015,132.3,14109.57
1786343237977,BTC-25DEC26-140000-C,66193.28,0.00087615,48.97,1475.0,0.0007,0.0011,0.0,0.0
1786343237977,BTC-30OCT26-71000-C,65735.53,0.037092,35.84,229.5,0.0365,0.038,0.0,0.0
1786343237977,BTC-25SEP26-90000-C,65471.32,0.00073383,40.06,3018.7,0.0006,0.0009,0.0,0.0
1786343237977,BTC-28AUG26-72000-C,65244.36,0.00209956,29.79,2936.6,0.002,0.0021,83.7,12033.9
1786343237977,BTC-25SEP26-56000-C,65471.32,0.15422066,40.76,12.2,,,0.0,0.0
1786343237977,BTC-25DEC26-76000-P,66193.15,0.19166112,38.51,142.1,0.183,0.1965,0.0,0.0
1786343237977,BTC-25DEC26-250000-C,66193.15,5.361e-05,62.95,1120.9,,0.0003,0.0,0.0
1786343237977,BTC-25JUN27-85000-C,67617.73,0.07213141,41.0,8.1,0.071,0.0735,0.0,0.0
1786343237977,BTC-25JUN27-45000-P,67615.73,0.03780578,49.05,248.1,0.037,0.0385,0.0,0.0
1786343237977,BTC-25SEP26-62000-C,65471.45,0.08017979,35.69,680.5,0.079,0.0855,0.0,0.0
1786343237977,BTC-26MAR27-70000-C,66888.68,0.1087288,40.68,749.9,0.108,0.11,0.0,0.0
1786343237977,BTC-30OCT26-55000-P,65735.53,0.01836598,42.23,62.7,0.0175,0.019,5.1,6601.38
1786343237977,BTC-25JUN27-160000-P,67617.73,1.37086935,44.7,0.0,,,0.0,0.0
1786343237977,BTC-25SEP26-70000-C,65471.32,0.02128168,32.88,6376.5,0.0205,0.0215,1020.4,1462445.15
1786343237977,BTC-13AUG26-64000-C,65129.31,0.02152356,29.5,10.0,,,10.0,16453.73
1786343237977,BTC-30OCT26-40000-P,65735.53,0.00342749,59.83,14.9,0.0031,0.0037,0.8,177.04
1786343237977,BTC-10AUG26-58000-P,65104.22,0.0,48.23,11.5,,0.0001,0.0,0.0
1786343237977,BTC-14AUG26-70000-P,65136.56,0.07503116,34.91,3.6,,,0.0,0.0
1786343237977,BTC-14AUG26-66000-C,65136.56,0.00633661,27.84,816.0,0.006,0.007,1.8,774.33
1786343237977,BTC-28AUG26-88000-C,65244.49,0.00014127,50.0,184.8,0.0001,0.0002,0.0,0.0
1786343237977,BTC-25SEP26-260000-P,65471.32,2.97120939,78.83,0.0,,,0.0,0.0
1786343237977,BTC-28AUG26-55000-P,65244.49,0.00155399,44.46,1161.3,0.0014,0.0016,0.2,17.59
1786343237977,BTC-13AUG26-66500-C,65129.39,0.00304235,27.96,5.6,0.0028,0.0033,5.6,1185.92
1786343237977,BTC-28AUG26-77000-P,65244.49,0.18065521,34.31,3.4,,,0.0,0.0
1786343237977,BTC-10AUG26-69000-C,65104.22,0.0,38.97,6.0,,0.0001,0.0,0.0
1786343237977,BTC-26MAR27-85000-C,66888.68,0.04515518,39.76,94.1,0.0445,0.046,0.0,0.0
1786343237977,BTC-30OCT26-95000-P,65735.53,0.44707075,39.1,0.1,,,0.0,0.0
1786343237977,BTC-26MAR27-45000-P,66888.68,0.02579767,49.52,225.9,0.025,0.0265,0.0,0.0
1786343237977,BTC-25DEC26-110000-P,66193.28,0.66488452,42.17,54.2,0.6505,0.673,0.0,0.0
1786343237977,BTC-14AUG26-80000-P,65136.56,0.2281903,51.26,0.1,,,0.0,0.0
1786343237977,BTC-21AUG26-64000-C,65185.03,0.03048252,29.2,44.2,0.0295,0.031,0.1,198.48
1786343237977,BTC-28AUG26-67000-P,65244.49,0.04177647,29.05,60.8,0.0365,0.0435,0.0,0.0
1786343237977,BTC-26MAR27-52000-P,66888.68,0.0446011,45.36,117.8,0.0435,0.0455,0.0,0.0
1786343237977,BTC-13AUG26-67500-C,65129.39,0.00114736,29.2,0.2,0.001,0.0013,0.2,16.94
1786343237977,BTC-25DEC26-65000-P,66193.28,0.08763651,39.88,742.1,0.0865,0.0885,0.0,0.0
1786343237977,BTC-11AUG26-65000-C,65111.34,0.00637187,25.43,100.7,0.006,0.007,56.5,21645.49
1786343237977,BTC-30OCT26-61000-P,65735.53,0.03951376,38.52,107.8,0.039,0.04,5.0,12999.36
1786343237977,BTC-28AUG26-63000-P,65244.49,0.01366948,31.54,666.1,0.013,0.014,1.0,920.0
1786343237977,BTC-25JUN27-130000-C,67615.73,0.01121191,42.4,82.2,0.0105,0.012,0.1,74.86
1786343237977,BTC-25JUN27-60000-P,67617.73,0.10289894,43.72,75.7,0.1015,0.104,0.0,0.0
1786343237977,BTC-25DEC26-125000-P,66193.15,0.88983156,45.26,9.1,,,0.0,0.0
1786343237977,BTC-13AUG26-67500-P,65129.31,0.03754583,29.2,0.0,,,0.0,0.0
1786343237977,BTC-12AUG26-61000-C,65119.74,0.06340259,40.39,0.0,,,0.0,0.0
1786343237977,BTC-26MAR27-110000-P,66888.68,0.65553829,40.86,3.9,,,0.0,0.0
1786343237977,BTC-26MAR27-52000-C,66888.68,0.26716226,45.36,5.2,0.2625,0.2735,0.0,0.0
1786343237977,BTC-25SEP26-90000-P,65471.32,0.37538322,40.06,586.2,0.366,0.3825,0.0,0.0
1786343237977,BTC-10AUG26-66000-C,65104.22,9e-08,27.67,406.4,,0.0001,179.6,6336.46
1786343237977,BTC-25JUN27-50000-P,67615.73,0.05372032,46.7,285.1,0.053,0.055,0.0,0.0
1786343237977,BTC-25SEP26-320000-P,65471.32,3.88764228,85.42,25.1,,,0.0,0.0
1786343237977,BTC-26MAR27-68000-C,66888.68,0.12153549,40.97,97.9,0.12,0.123,0.0,0.0
1786343237977,BTC-25DEC26-52000-P,66193.15,0.02633243,45.54,414.9,0.0255,0.027,0.0,0.0
1786343237977,BTC-21AUG26-67000-P,65186.89,0.03649518,27.68,10.2,,,0.0,0.0
1786343237977,BTC-25SEP26-94000-C,65471.32,0.00052861,42.82,169.0,0.0004,0.0007,0.0,0.0
1786343237977,BTC-11AUG26-64000-P,65111.21,0.00099375,28.36,46.7,0.0008,0.0011,52.1,4820.96
1786343237977,BTC-12AUG26-62000-C,65119.55,0.04824569,35.99,0.0,,,0.0,0.0
1786343237977,BTC-12AUG26-58000-P,65119.74,1.839e-05,52.58,0.0,,0.0001,0.0,0.0
1786343237977,BTC-10AUG26-59000-C,65104.22,0.09376186,44.77,0.0,0.0001,,0.0,0.0
1786343237977,BTC-25DEC26-96000-C,66193.15,0.00796982,39.66,1312.6,0.0075,0.0085,1.0,520.83
1786343237977,BTC-25JUN27-170000-C,67617.73,0.00358864,45.57,43.7,0.0032,0.004,22.0,5308.59
1786343237977,BTC-28AUG26-83000-C,65244.49,0.00017724,42.3,533.8,0.0001,0.0003,0.0,0.0
1786343237977,BTC-25DEC26-68000-C,66193.15,0.08417164,39.33,675.9,0.0835,0.085,0.5,2723.22
1786343237977,BTC-14AUG26-63000-P,65136.56,0.00266333,31.33,419.9,0.0024,0.0028,32.6,6392.09
1786343237977,BTC-14AUG26-61000-P,65136.56,0.00080356,37.77,331.1,0.0007,0.0009,12.1,722.3
1786343237977,BTC-11AUG26-63500-P,65111.34,0.00052011,31.45,35.4,0.0004,0.0006,33.6,2014.28
1786343237977,BTC-25JUN27-40000-C,67617.73,0.43471087,52.06,17.0,0.433,0.436,0.0,0.0
1786343237977,BTC-28AUG26-74000-C,65244.49,0.0009871,31.04,1897.7,0.0009,0.0011,10.0,912.66
1786343237977,BTC-25SEP26-94000-P,65471.45,0.43627353,42.82,1.9,,,0.0,0.0
1786343237977,BTC-26MAR27-100000-C,66888.68,0.01883858,40.19,559.9,0.0185,0.0195,0.1,120.46
1786343237977,BTC-26MAR27-68000-P,66888.68,0.13818628,40.97,75.7,0.1365,0.1395,0.0,0.0
1786343237977,BTC-11AUG26-71000-C,65111.21,4e-08,37.43,0.0,,0.0001,0.0,0.0
1786343237977,BTC-25JUN27-52000-P,67617.73,0.06162265,45.95,17.7,0.0605,0.0625,0.0,0.0
1786343237977,BTC-25SEP26-78000-P,65471.32,0.19547001,33.59,629.3,0.1875,0.2015,0.0,0.0
1786343237977,BTC-21AUG26-75000-P,65185.03,0.1508518,35.8,0.0,,,0.0,0.0
1786343237977,BTC-28AUG26-67000-C,65244.49,0.01483552,29.05,1501.4,0.0145,0.0155,229.2,224246.42
1786343237977,BTC-26MAR27-125000-P,66888.68,0.87430905,42.39,0.1,,,0.0,0.0
1786343237977,BTC-10AUG26-65500-C,65104.22,4.409e-05,24.91,291.8,,0.0001,107.1,5112.5
1786343237977,BTC-13AUG26-62000-C,65129.31,0.04895494,35.54,0.0,,,0.0,0.0
1786343237977,BTC-26MAR27-115000-C,66888.68,0.00846895,41.23,761.8,0.008,0.009,0.2,104.06
1786343237977,BTC-26MAR27-86000-C,66888.68,0.04263596,39.79,130.1,0.0415,0.0435,5.0,13780.12
1786343237977,BTC-28AUG26-46000-C,65244.49,0.29512258,61.23,1.0,,,0.0,0.0
1786343237977,BTC-25JUN27-80000-P,67617.73,0.27376279,41.22,8.5,0.262,0.282,0.0,0.0
1786343237977,BTC-25DEC26-55000-P,66193.15,0.03520146,43.71,1058.9,0.0345,0.036,0.1,228.68
1786343237977,BTC-25SEP26-98000-C,65471.45,0.00042763,45.84,344.1,0.0003,0.0006,0.0,0.0
1786343237977,BTC-11AUG26-57000-C,65111.21,0.12457538,48.97,0.0,0.0001,,0.0,0.0
1786343237977,BTC-10AUG26-64000-C,65104.22,0.01696203,31.44,0.1,0.012,0.024,0.0,0.0
1786343237977,BTC-25JUN27-30000-P,67615.73,0.01202609,60.08,308.8,0.0115,0.0125,0.8,651.14
1786343237977,BTC-25SEP26-100000-P,65471.45,0.52771079,46.32,431.5,0.517,0.535,0.0,0.0
1786343237977,BTC-28AUG26-64000-C,65244.49,0.03763637,30.79,531.8,0.037,0.0385,0.0,0.0
1786343237977,BTC-13AUG26-60000-P,65129.39,0.00029643,43.94,0.1,0.0002,0.0004,0.1,2.59
1786343237977,BTC-13AUG26-72000-C,65129.31,7.465e-05,43.17,0.0,,0.0001,0.0,0.0
1786343237977,BTC-28AUG26-71000-C,65244.36,0.00311408,29.31,1477.0,0.0029,0.0031,11.6,2223.85
1786343237977,BTC-25SEP26-102000-C,65471.32,0.00032261,48.2,91.3,0.0002,0.0005,0.0,0.0
1786343237977,BTC-26MAR27-102000-C,66888.68,0.01671933,40.22,105.8,0.016,0.0175,0.0,0.0
1786343237977,BTC-25DEC26-78000-P,66193.28,0.21497909,38.45,234.6,0.2055,0.22,0.0,0.0
1786343237977,BTC-28AUG26-71000-P,65244.49,0.09136499,29.31,11.2,,,0.3,1851.64
1786343237977,BTC-25JUN27-76000-P,67615.73,0.23255362,41.48,9.2,0.222,0.24,0.0,0.0
1786343237977,BTC-10AUG26-72000-P,65104.22,0.10591774,40.53,0.0,0.0001,,0.0,0.0
1786343237977,BTC-25SEP26-80000-C,65471.32,0.00281857,34.32,3227.1,0.0027,0.0029,9.3,1815.26
1786343237977,BTC-25JUN27-78000-C,67617.73,0.09910691,41.31,9.9,0.098,0.1005,0.0,0.0
1786343237977,BTC-28AUG26-58000-C,65244.49,0.11420029,38.68,155.1,0.11,0.12,0.0,0.0
1786343237977,BTC-25JUN27-62000-C,67615.73,0.19865774,43.28,94.3,0.1975,0.2005,0.0,0.0
1786343237977,BTC-25SEP26-92000-P,65471.32,0.4058291,41.56,4.3,,,0.3,7977.08
1786343237977,BTC-26MAR27-58000-C,66888.68,0.20350955,43.11,5.2,0.199,0.21,0.0,0.0
1786343237977,BTC-26MAR27-94000-C,66888.68,0.02668241,39.98,145.2,0.026,0.0275,0.0,0.0
1786343237977,BTC-28AUG26-53000-P,65244.49,0.00100886,48.54,795.0,0.0009,0.0011,24.5,1590.52
1786343237977,BTC-26MAR27-72000-C,66888.68,0.09696233,40.41,68.2,0.0965,0.098,0.2,1242.43
1786343237977,BTC-25JUN27-50000-C,67615.73,0.31424457,46.7,17.1,0.3075,0.32,0.0,0.0
1786343237977,BTC-10AUG26-61000-P,65104.22,0.0,43.06,15.3,,0.0001,0.0,0.0
1786343237977,BTC-25DEC26-55000-C,66193.15,0.20429927,43.71,44.9,0.202,0.206,0.0,0.0
1786343237977,BTC-25SEP26-52000-C,65471.45,0.21095478,45.96,75.0,0.207,0.216,0.0,0.0
1786343237977,BTC-28AUG26-69000-P,65244.49,0.06449208,28.74,49.4,0.0585,0.069,0.0,0.0
1786343237977,BTC-25DEC26-240000-C,66193.15,7.216e-05,62.53,874.4,,0.0003,0.0,0.0
1786343237977,BTC-14AUG26-55000-C,65136.56,0.15576599,65.32,0.0,,,0.0,0.0
1786343237977,BTC-12AUG26-68000-C,65119.74,0.00027208,30.59,1.5,0.0002,0.0004,1.1,27.91
1786343237977,BTC-26MAR27-66000-P,66888.68,0.12225141,41.29,123.9,0.1205,0.1235,0.0,0.0
1786343237977,BTC-10AUG26-63000-P,65104.22,0.0,43.04,589.9,,0.0001,15.0,226.71
1786343237977,BTC-25DEC26-75000-C,66193.28,0.04735563,38.54,1917.2,0.047,0.048,0.1,301.17
1786343237977,BTC-12AUG26-65000-C,65119.74,0.00898678,26.85,14.2,0.0085,0.0095,4.7,2795.67
1786343237977,BTC-26MAR27-35000-P,66888.68,0.01184712,58.29,575.1,0.0115,0.012,11.6,9009.86
1786343237977,BTC-25JUN27-30000-C,67615.73,0.56834064,60.08,37.0,0.5675,0.5695,0.0,0.0
1786343237977,BTC-12AUG26-71000-P,65119.74,0.09034708,39.66,0.0,,,0.0,0.0
1786343237977,BTC-30OCT26-73000-C,65735.53,0.02860025,35.61,34.1,0.028,0.029,5.0,9257.46
1786343237977,BTC-28AUG26-61000-P,65244.49,0.00735642,33.76,838.7,0.007,0.0075,0.3,152.66
1786343237977,BTC-21AUG26-61000-P,65186.87,0.00356803,33.43,423.7,0.0033,0.0037,5.7,1526.71
1786343237977,BTC-12AUG26-59000-P,65119.55,5.636e-05,50.81,7.0,,0.0001,4.0,26.01
1786343237977,BTC-25SEP26-50000-P,65471.32,0.00385579,48.68,3738.4,0.0036,0.004,2.0,523.04
1786343237977,BTC-13AUG26-65500-C,65129.31,0.00762108,27.87,0.6,0.007,0.008,0.9,471.95
1786343237977,BTC-10AUG26-57000-P,65104.3,0.0,48.27,0.0,,0.0001,0.0,0.0
1786343237977,BTC-10AUG26-72000-C,65104.22,0.0,40.53,0.0,,0.0001,0.0,0.0
1786343237977,BTC-26MAR27-64000-P,66888.68,0.10725839,41.57,133.1,0.106,0.1085,0.0,0.0
1786343237977,BTC-28AUG26-61000-C,65244.49,0.07238033,33.76,610.9,0.0685,0.078,0.0,0.0
1786343237977,BTC-26MAR27-115000-P,66888.68,0.72780486,41.23,1.5,,,0.3,14365.11
1786343237977,BTC-26MAR27-35000-C,66886.86,0.48857097,58.29,6.3,0.4875,0.49,0.4,12738.65
1786343237977,BTC-11AUG26-68000-C,65111.21,5.683e-05,34.0,95.6,,0.0001,97.7,799.23
1786343237977,BTC-25JUN27-54000-P,67617.73,0.0705601,45.32,20.2,0.0695,0.0715,0.0,0.0
1786343237977,BTC-14AUG26-63000-C,65136.69,0.03546427,31.33,54.3,0.0325,0.04,0.0,0.0
1786343237977,BTC-25SEP26-140000-P,65471.32,1.13845097,69.71,1.4,,,0.0,0.0
1786343237977,BTC-12AUG26-70000-C,65119.74,6.142e-05,38.55,8.7,,0.0001,6.2,40.23
1786343237977,BTC-21AUG26-59000-P,65186.89,0.0016764,37.33,134.1,0.0015,0.0018,0.4,39.11
1786343237977,BTC-28AUG26-70000-C,65244.49,0.00463016,28.93,2294.5,0.0045,0.0049,15.1,4579.07
1786343237977,BTC-26MAR27-108000-P,66888.68,0.62688771,40.73,0.1,,,0.0,0.0
1786343237977,BTC-26MAR27-180000-C,66888.68,0.0011471,49.47,642.6,0.0009,0.0014,1.0,78.03
1786343237977,BTC-26MAR27-84000-P,66886.86,0.30371266,39.74,55.1,0.2925,0.311,0.0,0.0
1786343237977,BTC-28AUG26-76000-P,65244.49,0.1654652,33.3,5.4,,,0.0,0.0
1786343237977,BTC-30OCT26-72000-P,65735.53,0.12788573,35.7,5.1,0.119,,0.0,0.0
1786343237977,BTC-30OCT26-50000-P,65735.53,0.01004205,47.01,68.7,0.0095,0.0105,0.0,0.0
1786343237977,BTC-25SEP26-120000-C,65471.32,0.00017106,59.43,1137.5,,0.0002,9.7,63.03
1786343237977,BTC-30OCT26-78000-C,65735.53,0.01462849,35.6,181.6,0.014,0.015,1.2,1131.64
1786343237977,BTC-25SEP26-170000-P,65471.32,1.59657916,75.32,0.0,,,0.0,0.0
1786343237977,BTC-28AUG26-72000-P,65244.49,0.10567782,29.79,86.3,0.0985,0.1105,0.0,0.0
1786343237977,BTC-13AUG26-58000-P,65129.31,0.00014619,53.8,0.0,0.0001,0.0002,0.0,0.0
1786343237977,BTC-26MAR27-88000-C,66886.86,0.03782309,39.79,70.9,0.037,0.0385,0.0,0.0
1786343237977,BTC-26MAR27-74000-P,66888.68,0.19264077,40.17,54.0,0.1835,0.2005,0.0,0.0
1786343237977,BTC-26MAR27-170000-C,66888.68,0.001416,48.24,250.0,0.0012,0.0017,0.1,7.77
1786343237977,BTC-13AUG26-67000-C,65129.31,0.00184851,28.37,2.1,0.0017,0.0021,2.1,235.44
1786343237977,BTC-28AUG26-73000-P,65244.49,0.12029985,30.22,5.1,,,0.0,0.0
1786343237977,BTC-26MAR27-74000-C,66888.68,0.08628549,40.17,50.1,0.0855,0.087,0.0,0.0
1786343237977,BTC-14AUG26-72000-C,65136.56,0.00013857,40.29,1472.7,0.0001,0.0002,4.8,67.49
1786343237977,BTC-25DEC26-64000-P,66193.15,0.08049956,40.1,319.0,0.0795,0.0815,50.2,265567.31
1786343237977,BTC-28AUG26-84000-C,65244.49,0.00016579,43.82,60.2,0.0001,0.0003,0.0,0.0
1786343237977,BTC-26MAR27-54000-C,66886.86,0.24478299,44.49,0.1,0.24,0.2515,0.0,0.0
1786343237977,BTC-12AUG26-66000-P,65119.74,0.01656669,26.63,0.1,,,0.1,94.81
1786343237977,BTC-13AUG26-66000-P,65129.31,0.01833655,28.0,0.0,0.0125,,0.0,0.0
1786343237977,BTC-25SEP26-115000-C,65471.45,0.00017819,55.96,2176.0,0.0001,0.0004,0.1,1.3
1786343237977,BTC-28AUG26-60000-C,65244.49,0.08590533,35.38,435.4,0.082,0.0915,1.0,5577.2
1786343237977,BTC-10AUG26-70000-C,65104.22,0.0,38.97,35.0,,0.0001,0.0,0.0
1786343237977,BTC-26MAR27-120000-P,66886.86,0.80079733,41.74,1.8,,,0.0,0.0
1786343237977,BTC-25JUN27-84000-P,67615.73,0.31793149,41.06,0.1,0.3055,0.3265,0.0,0.0
1786343237977,BTC-11AUG26-62500-C,65111.34,0.04029632,38.62,0.0,0.0001,,0.0,0.0
1786343237977,BTC-30OCT26-78000-P,65735.53,0.2012034,35.6,0.1,,,0.0,0.0
1786343237977,BTC-21AUG26-66000-C,65185.03,0.01385119,27.85,382.2,0.0135,0.0145,4.4,4067.84
1786343237977,BTC-12AUG26-67000-C,65119.55,0.00085027,27.86,59.1,0.0008,0.001,59.3,3710.32
1786343237977,BTC-11AUG26-60000-P,65111.21,6.84e-06,48.87,5.2,,0.0001,5.0,32.59
1786343237977,BTC-26MAR27-104000-P,66888.68,0.57008145,40.5,0.1,,,0.0,0.0
1786343237977,BTC-11AUG26-63000-C,65111.21,0.03278972,36.21,0.0,0.0001,,0.0,0.0
1786343237977,BTC-28AUG26-57000-P,65244.36,0.00249069,40.57,1017.4,0.0024,0.0026,7.7,1359.77
1786343237977,BTC-26MAR27-94000-P,66888.68,0.43205263,39.98,9.1,,,0.0,0.0
1786343237977,BTC-25DEC26-100000-P,66193.15,0.51695192,40.69,303.3,0.5035,0.524,0.0,0.0
1786343237977,BTC-25DEC26-75000-P,66193.15,0.18040407,38.54,896.2,0.1725,0.1855,1.0,11765.0
1786343237977,BTC-28AUG26-70000-P,65244.49,0.07755354,28.93,181.5,0.071,0.082,0.0,0.0
1786343237977,BTC-13AUG26-70000-C,65129.31,0.00013769,34.88,1.9,0.0001,0.0002,1.9,30.57
1786343237977,BTC-28AUG26-60000-P,65244.49,0.00555394,35.38,1601.3,0.005,0.006,1.2,445.94
1786343237977,BTC-21AUG26-69000-P,65185.03,0.06153942,28.01,0.0,,,0.0,0.0
1786343237977,BTC-12AUG26-65500-C,65119.74,0.00535197,26.4,92.2,0.005,0.006,81.3,30916.39
1786343237977,BTC-25SEP26-130000-C,65471.32,0.0001052,63.53,1431.9,,0.0002,0.0,0.0
1786343237977,BTC-26MAR27-76000-C,66888.68,0.07663801,39.97,376.8,0.076,0.0775,0.6,2973.08
1786343237977,BTC-13AUG26-68000-P,65129.39,0.04478007,30.02,0.0,,,0.0,0.0
1786343237977,BTC-10AUG26-66500-P,65104.22,0.02143791,35.99,0.0,0.0001,,0.0,0.0
1786343237977,BTC-11AUG26-71000-P,65111.21,0.09044123,37.43,0.0,0.0001,,0.0,0.0
1786343237977,BTC-25JUN27-92000-C,67615.73,0.05259601,40.92,3.5,0.0515,0.0535,0.0,0.0
1786343237977,BTC-10AUG26-63500-C,65104.3,0.024642,40.99,0.0,0.0001,,0.0,0.0
1786343237977,BTC-30OCT26-65000-P,65735.53,0.06373689,37.05,286.5,0.063,0.064,52.2,218431.44
1786343237977,BTC-30OCT26-59000-P,65735.53,0.03083389,39.64,23.0,0.03,0.0315,0.0,0.0
1786343237977,BTC-25SEP26-92000-C,65471.45,0.00063195,41.56,489.8,0.0005,0.0008,0.0,0.0
1786343237977,BTC-25SEP26-125000-C,65471.45,0.00013886,61.77,2323.8,,0.0002,3.3,21.37
1786343237977,BTC-30OCT26-82000-C,65735.53,0.0084428,35.88,19.4,0.008,0.009,10.5,5780.3
1786343237977,BTC-25DEC26-120000-P,66193.15,0.814673,44.23,35.6,0.7985,0.8235,0.0,0.0
1786343237977,BTC-21AUG26-60000-P,65185.03,0.00240244,35.24,630.5,0.0022,0.0026,58.0,10228.4
1786343237977,BTC-28AUG26-56000-C,65244.49,0.14363461,42.56,63.4,0.1395,0.149,0.0,0.0
1786343237977,BTC-25DEC26-220000-P,66193.15,2.32369386,59.49,0.0,,,0.0,0.0
1786343237977,BTC-25JUN27-70000-P,67617.73,0.17682672,42.05,9.5,0.175,0.1785,0.0,0.0
1786343237977,BTC-26MAR27-65000-C,66888.68,0.14295805,41.48,364.4,0.1415,0.1445,50.0,469800.47
1786343237977,BTC-26MAR27-130000-C,66888.68,0.0042741,42.67,1066.2,0.0041,0.0045,0.1,26.56
1786343237977,BTC-25SEP26-175000-C,65471.32,1.251e-05,75.32,1355.3,,0.0002,0.0,0.0
1786343237977,BTC-12AUG26-58000-C,65119.74,0.10932614,52.58,0.0,,,0.0,0.0
1786343237977,BTC-11AUG26-62500-P,65111.34,0.00019174,38.62,71.4,0.0001,0.0003,50.8,669.13
1786343237977,BTC-13AUG26-60000-C,65129.31,0.07905335,43.94,0.0,,,0.0,0.0
1786343237977,BTC-28AUG26-74000-P,65244.49,0.13522039,31.04,3.3,,,0.0,0.0
1786343237977,BTC-28AUG26-50000-C,65244.49,0.23418089,54.91,51.0,0.2305,0.239,0.0,0.0
1786343237977,BTC-14AUG26-65000-C,65136.69,0.01302835,28.42,597.6,0.0125,0.0135,34.4,30149.31
1786343237977,BTC-26MAR27-84000-C,66888.68,0.04784991,39.74,266.3,0.047,0.0485,0.0,0.0
1786343237977,BTC-25JUN27-160000-C,67617.73,0.00454697,44.7,513.6,0.0041,0.005,22.0,6743.35
1786343237977,BTC-25JUN27-170000-P,67617.73,1.51780617,45.57,14.6,,,0.0,0.0
1786343237977,BTC-10AUG26-68000-P,65104.3,0.04447786,38.79,0.0,0.0001,,0.0,0.0
1786343237977,BTC-25SEP26-86000-P,65471.45,0.31477468,37.9,11.6,,,0.0,0.0
1786343237977,BTC-21AUG26-75000-C,65186.89,0.00028282,35.8,1513.9,0.0002,0.0004,2.0,45.36
1786343237977,BTC-25SEP26-68000-C,65471.32,0.03111765,33.23,810.7,0.0305,0.0315,4.0,8174.87
1786343237977,BTC-14AUG26-62000-C,65136.69,0.04953775,34.19,18.4,0.046,0.0555,0.0,0.0
1786343237977,BTC-13AUG26-64000-P,65129.39,0.00418285,29.5,0.6,0.0039,0.0044,0.6,160.26
1786343237977,BTC-25SEP26-280000-C,65471.45,3e-08,81.51,91.7,,0.0001,0.0,0.0
1786343237977,BTC-25DEC26-230000-C,66193.15,0.00010519,62.41,195.9,,0.0003,0.0,0.0
1786343237977,BTC-11AUG26-66000-P,65111.34,0.01502004,26.82,0.1,0.0001,,0.1,100.91
1786343237977,BTC-25DEC26-50000-P,66193.15,0.02179648,47.03,1941.5,0.021,0.0225,0.3,426.55
1786343237977,BTC-13AUG26-63500-C,65129.31,0.0277719,30.57,0.0,,,0.0,0.0
1786343237977,BTC-10AUG26-58000-C,65104.22,0.10912182,48.23,0.0,0.0001,,0.0,0.0
1786343237977,BTC-28AUG26-65000-C,65244.49,0.02857881,30.12,1392.5,0.028,0.029,0.4,731.78
1786343237977,BTC-28AUG26-68000-P,65244.49,0.05260468,28.95,84.3,0.0465,0.057,0.0,0.0
1786343237977,BTC-10AUG26-61000-C,65104.22,0.06304192,43.06,0.0,0.0001,,0.0,0.0
1786343237977,BTC-28AUG26-76000-C,65244.49,0.00057695,33.3,919.1,0.0005,0.0006,6.9,307.22
1786343237977,BTC-11AUG26-61000-P,65111.34,2.686e-05,45.1,15.6,,0.0001,6.0,65.01
1786343237977,BTC-25DEC26-54000-P,66193.28,0.03187524,44.23,1808.2,0.0315,0.0325,0.1,211.17
1786343237977,BTC-25DEC26-92000-P,66193.15,0.40082349,39.14,4.6,,,0.0,0.0
1786343237977,BTC-28AUG26-40000-C,65244.49,0.38692581,69.36,23.4,0.3855,,0.0,0.0
1786343237977,BTC-26MAR27-78000-P,66888.68,0.23428695,39.85,183.0,0.224,0.241,0.0,0.0
1786343237977,BTC-25SEP26-54000-C,65471.45,0.1822453,43.33,7.2,,,0.0,0.0
1786343237977,BTC-25DEC26-108000-C,66193.15,0.00348663,41.79,123.1,0.0032,0.0038,0.0,0.0
1786343237977,BTC-25DEC26-60000-P,66193.15,0.05643305,41.36,6443.4,0.0555,0.057,1.0,3703.86
1786343237977,BTC-21AUG26-55000-C,65185.03,0.15670541,46.11,0.0,,,0.0,0.0
1786343237977,BTC-25JUN27-58000-C,67615.73,0.23322147,44.16,5.1,0.232,0.235,0.0,0.0
1786343237977,BTC-25DEC26-250000-P,66193.15,2.77688174,62.95,10.0,,,0.0,0.0
1786343237977,BTC-25SEP26-85000-C,65471.45,0.00133931,37.09,1201.4,0.0012,0.0015,2.3,187.68
1786343237977,BTC-26MAR27-190000-P,66888.68,1.84166449,51.07,0.9,,,0.0,0.0
1786343237977,BTC-25DEC26-160000-C,66193.15,0.00052513,53.27,1224.0,0.0004,0.0007,0.0,0.0
1786343237977,BTC-25DEC26-88000-P,66193.15,0.3446069,38.64,4.2,,,0.0,0.0
1786343237977,BTC-13AUG26-59000-P,65129.39,0.00018616,48.27,0.2,0.0001,0.0003,0.2,2.61
1786343237977,BTC-25DEC26-96000-P,66193.28,0.45827182,39.66,11.3,,,0.0,0.0
1786343237977,BTC-25SEP26-96000-P,65471.45,0.4667272,43.9,1.0,,,0.0,0.0
1786343237977,BTC-25DEC26-90000-C,66193.15,0.01294274,38.94,3308.6,0.0125,0.0135,5.0,4230.82
1786343237977,BTC-26MAR27-66000-C,66888.68,0.13550211,41.29,17.3,0.134,0.137,0.1,878.59
1786343237977,BTC-25JUN27-62000-P,67617.73,0.11560766,43.28,34.8,0.1145,0.117,0.0,0.0
1786343237977,BTC-26MAR27-200000-P,66888.68,1.99093219,51.68,1.0,,,0.0,0.0
1786343237977,BTC-26MAR27-45000-C,66888.68,0.35301406,49.52,3.3,0.348,0.3585,0.0,0.0
1786343237977,BTC-25SEP26-30000-P,65471.45,0.00039252,87.22,2589.7,0.0003,0.0005,3.0,79.23
1786343237977,BTC-30OCT26-95000-C,65735.53,0.00188336,39.1,29.6,0.0017,0.002,2.1,239.42
1786343237977,BTC-11AUG26-63000-P,65111.21,0.0003643,36.21,46.5,0.0003,0.0004,25.0,792.57
1786343237977,BTC-25SEP26-260000-C,65471.32,4e-08,78.83,292.0,,0.0001,0.0,0.0
1786343237977,BTC-26MAR27-160000-C,66888.68,0.00172916,46.76,860.6,0.0015,0.002,0.0,0.0
1786343237977,BTC-30OCT26-50000-C,65735.53,0.24941711,47.01,0.1,,,0.0,0.0
1786343237977,BTC-21AUG26-55000-P,65185.03,0.000456,46.11,64.3,0.0004,0.0005,0.0,0.0
1786343237977,BTC-25DEC26-66000-P,66193.15,0.09516064,39.67,363.7,0.094,0.096,0.5,3136.33
1786343237977,BTC-25SEP26-82000-C,65471.45,0.00212292,35.6,2537.9,0.002,0.0023,7.0,1043.46
1786343237977,BTC-14AUG26-66000-P,65136.56,0.01959276,27.84,13.7,0.019,0.0205,0.0,0.0
1786343237977,BTC-10AUG26-67000-P,65104.22,0.02911789,38.63,0.0,0.0001,,0.0,0.0
1786343237977,BTC-26MAR27-92000-P,66888.68,0.40538064,39.88,0.6,,,0.0,0.0
1786343237977,BTC-10AUG26-59000-P,65104.22,0.0,44.77,67.8,,0.0001,0.0,0.0
1786343237977,BTC-25DEC26-190000-P,66193.15,1.87054261,55.54,0.0,,,0.0,0.0
1786343237977,BTC-11AUG26-70000-C,65111.34,8.8e-07,37.43,12.5,,0.0001,12.5,81.45
1786343237977,BTC-25DEC26-35000-C,66193.15,0.47699833,63.11,77.8,0.476,0.4785,0.0,0.0
1786343237977,BTC-25DEC26-160000-P,66193.15,1.41769514,53.27,0.0,,,0.0,0.0
1786343237977,BTC-13AUG26-65000-C,65129.31,0.01130545,28.15,10.0,0.0105,0.012,10.0,7408.08
1786343237977,BTC-25DEC26-120000-C,66193.15,0.0017955,44.23,6033.2,0.0015,0.002,0.0,0.0
1786343237977,BTC-26MAR27-72000-P,66886.86,0.17341612,40.41,139.1,0.1645,0.18,0.0,0.0
1786343237977,BTC-21AUG26-65000-C,65186.89,0.02119794,28.47,245.4,0.0205,0.0215,7.3,10418.62
1786343237977,BTC-21AUG26-68000-P,65186.89,0.04830694,27.62,0.0,,,0.0,0.0
1786343237977,BTC-25DEC26-150000-C,66193.15,0.00062387,50.82,1626.2,0.0005,0.0007,0.0,0.0
1786343237977,BTC-30OCT26-58000-P,65735.53,0.02694941,40.1,18.1,0.0265,0.0275,0.2,357.46
1786343237977,BTC-26MAR27-58000-P,66888.68,0.07065288,43.11,109.5,0.0695,0.0715,0.0,0.0
1786343237977,BTC-28AUG26-54000-P,65244.49,0.00126107,46.57,1512.2,0.0011,0.0014,20.3,1708.67
1786343237977,BTC-28AUG26-81000-C,65244.49,0.00024168,39.93,1451.2,0.0002,0.0003,0.0,0.0
1786343237977,BTC-10AUG26-62500-C,65104.22,0.04000197,43.04,0.0,0.0001,,0.0,0.0
1786343237977,BTC-12AUG26-64000-P,65119.55,0.00246793,28.26,32.7,0.0023,0.0026,3.6,909.25
1786343237977,BTC-28AUG26-95000-C,65244.49,6.499e-05,56.89,58.3,,0.0001,0.0,0.0
1786343237977,BTC-25JUN27-100000-C,67615.73,0.03693009,41.02,91.2,0.036,0.038,1.2,2854.37
1786343237977,BTC-25SEP26-88000-C,65471.32,0.00092775,38.91,657.7,0.0008,0.001,2.1,109.1
1786343237977,BTC-25DEC26-66000-C,66193.15,0.09807802,39.67,263.5,0.097,0.099,0.0,0.0
1786343237977,BTC-25DEC26-102000-C,66193.15,0.00538975,41.01,215.3,0.0049,0.006,1.0,357.48
1786343237977,BTC-28AUG26-69000-C,65244.49,0.00689617,28.74,926.4,0.0065,0.0075,16.3,7784.73
1786343237977,BTC-26MAR27-104000-C,66888.68,0.01520376,40.5,101.4,0.0145,0.016,0.0,0.0
1786343237977,BTC-30OCT26-84000-C,65735.53,0.00644984,36.14,25.9,0.006,0.007,0.8,338.69
1786343237977,BTC-28AUG26-95000-P,65244.49,0.45617529,56.89,0.3,,,0.0,0.0
1786343237977,BTC-25DEC26-170000-C,66193.28,0.00029193,53.29,2384.5,0.0002,0.0006,0.0,0.0
1786343237977,BTC-25SEP26-65000-C,65471.32,0.05199007,34.23,1299.7,0.0515,0.0525,5.0,16697.27
1786343237977,BTC-14AUG26-55000-P,65136.56,0.00014611,65.32,506.2,0.0001,0.0002,6.9,70.7
1786343237977,BTC-30OCT26-85000-P,65735.53,0.29901405,36.72,0.0,,,0.0,0.0
1786343237977,BTC-26MAR27-130000-P,66888.68,0.94787121,42.67,0.3,,,0.0,0.0
1786343237977,BTC-21AUG26-72000-P,65185.03,0.1053743,31.72,0.0,,,0.0,0.0
1786343237977,BTC-26MAR27-80000-P,66888.68,0.25667485,39.8,139.2,0.246,0.264,0.0,0.0
1786343237977,BTC-14AUG26-61000-C,65136.56,0.06430924,37.77,14.0,,,0.0,0.0
1786343237977,BTC-21AUG26-69000-C,65185.03,0.00301596,28.01,583.7,0.0028,0.0033,0.7,147.94
1786343237977,BTC-28AUG26-62000-C,65244.49,0.05976842,32.63,902.1,0.057,0.0615,0.1,372.81
1786343237977,BTC-21AUG26-53000-C,65185.03,0.18718162,50.57,0.0,,,0.0,0.0
1786343237977,BTC-30OCT26-52000-C,65735.53,0.22152383,44.79,0.1,,,0.0,0.0
1786343237977,BTC-25SEP26-300000-C,65471.45,3e-08,84.97,192.1,,0.0001,0.0,0.0
1786343237977,BTC-13AUG26-66500-P,65129.39,0.02408676,27.96,0.0,,,0.0,0.0
1786343237977,BTC-26MAR27-40000-C,66888.68,0.41923904,53.3,81.3,0.416,0.424,0.0,0.0
1786343237977,BTC-25SEP26-135000-C,65471.32,0.00010806,66.77,271.9,,0.0002,0.0,0.0
1786343237977,BTC-25JUN27-64000-C,67617.73,0.18296242,42.93,18.6,0.1815,0.1845,0.0,0.0
1786343237977,BTC-25SEP26-72000-P,65471.45,0.11389498,32.71,274.7,0.107,0.1175,0.0,0.0
1786343237977,BTC-26MAR27-85000-P,66888.68,0.31596867,39.76,0.9,,,0.0,0.0
1786343237977,BTC-28AUG26-55000-C,65244.49,0.15854276,44.46,11.8,0.1545,0.164,0.0,0.0
1786343237977,BTC-25SEP26-62000-P,65471.32,0.02716048,35.69,1144.4,0.0265,0.0275,1.5,2652.99
1786343237977,BTC-26MAR27-55000-C,66888.68,0.23411673,44.14,28.6,0.2295,0.24,0.0,0.0
1786343237977,BTC-30OCT26-75000-P,65735.53,0.16287782,35.53,1.1,,,0.0,0.0
1786343237977,BTC-26MAR27-62000-C,66888.68,0.16685543,42.01,42.2,0.1655,0.1685,0.0,0.0
1786343237977,BTC-28AUG26-110000-C,65244.49,8.33e-06,65.75,105.0,,0.0001,0.0,0.0
1786343237977,BTC-25JUN27-150000-P,67615.73,1.22440019,43.91,0.0,,,0.0,0.0
1786343237977,BTC-25SEP26-120000-P,65471.32,0.83303691,59.43,174.5,0.82,0.8425,0.0,0.0
1786343237977,BTC-28AUG26-94000-C,65244.49,8.639e-05,56.89,220.2,,0.0001,0.1,0.65
1786343237977,BTC-25JUN27-52000-C,67617.73,0.29256787,45.95,1.1,0.286,0.2985,0.0,0.0
1786343237977,BTC-21AUG26-62000-P,65186.89,0.00535263,31.75,221.5,0.005,0.006,5.6,2008.38
1786343237977,BTC-25SEP26-50000-C,65471.32,0.24016173,48.68,30.5,0.236,0.2455,0.0,0.0
1786343237977,BTC-28AUG26-96000-C,65244.49,4.874e-05,56.89,25.7,,0.0001,0.0,0.0
1786343237977,BTC-25SEP26-96000-C,65471.45,0.00043452,43.9,306.4,0.0003,0.0006,0.0,0.0
1786343237977,BTC-26MAR27-112000-C,66888.68,0.00992614,41.05,62.7,0.0095,0.0105,0.0,0.0
1786343237977,BTC-30OCT26-84000-P,65735.66,0.28429974,36.14,0.3,,,0.3,5630.51
1786343237977,BTC-26MAR27-82000-C,66888.68,0.05368896,39.7,698.8,0.053,0.0545,1.5,5262.44
1786343237977,BTC-11AUG26-69000-C,65111.34,1.25e-05,37.43,42.2,,0.0001,0.0,0.0
1786343237977,BTC-30OCT26-67000-C,65735.53,0.06015499,36.58,20.4,0.0595,0.061,0.0,0.0
1786343237977,BTC-25SEP26-55000-C,65471.45,0.16823759,42.19,143.7,0.165,0.1735,0.0,0.0
1786343237977,BTC-11AUG26-72000-P,65111.21,0.10579952,37.44,0.0,0.0001,,0.0,0.0
1786343237977,BTC-21AUG26-58000-P,65186.89,0.00116711,39.34,826.7,0.001,0.0013,10.5,1012.67
1786343237977,BTC-25JUN27-88000-C,67615.73,0.06295742,40.93,2.9,0.062,0.064,0.0,0.0
1786343237977,BTC-12AUG26-66500-C,65119.55,0.00160753,27.04,55.2,0.0016,0.0018,14.9,1638.1
1786343237977,BTC-13AUG26-71000-C,65129.39,9.219e-05,38.76,0.4,,0.0002,0.4,2.6
1786343237977,BTC-25DEC26-74000-P,66193.28,0.16946194,38.59,106.0,0.161,0.1745,0.0,0.0
1786343237977,BTC-25JUN27-45000-C,67615.73,0.37227761,49.05,0.6,0.3705,0.374,0.0,0.0
1786343237977,BTC-25SEP26-74000-C,65471.32,0.00942333,32.89,846.2,0.009,0.01,3.3,2137.5
1786343237977,BTC-25JUN27-54000-C,67615.73,0.2719263,45.32,0.9,0.2705,0.2735,0.0,0.0
1786343237977,BTC-14AUG26-75000-C,65136.69,8.91e-06,41.81,630.2,,0.0001,0.5,3.25
1786343237977,BTC-11AUG26-57000-P,65111.21,0.0,48.97,2.1,,0.0001,0.0,0.0
1786343237977,BTC-25DEC26-84000-C,66193.15,0.02183934,38.62,768.6,0.021,0.0225,0.8,1116.31
1786343237977,BTC-30OCT26-65000-C,65735.53,0.07492446,37.05,307.8,0.0745,0.076,6.0,29120.29
1786343237977,BTC-28AUG26-85000-C,65244.49,0.00014111,44.84,319.2,0.0001,0.0002,0.0,0.0
1786343237977,BTC-25SEP26-76000-P,65471.45,0.16698805,33.12,599.6,0.159,0.171,0.0,0.0
1786343237977,BTC-13AUG26-70000-P,65129.31,0.07492128,34.88,0.0,,,0.0,0.0
1786343237977,BTC-10AUG26-62000-P,65104.22,0.0,43.05,131.9,,0.0001,15.4,99.79
1786343237977,BTC-28AUG26-98000-C,65244.49,4.001e-05,58.66,161.0,,0.0001,0.0,0.0
1786343237977,BTC-25SEP26-54000-P,65471.32,0.00703485,43.33,639.9,0.0065,0.0075,20.1,9013.73
1786343237977,BTC-28AUG26-100000-C,65244.49,2.899e-05,59.75,189.9,,0.0001,0.0,0.0
1786343237977,BTC-25DEC26-76000-C,66193.15,0.04350537,38.51,383.5,0.043,0.044,0.6,1686.25
1786343237977,BTC-10AUG26-62500-P,65104.3,0.0,43.04,42.5,,0.0001,5.0,32.39
1786343237977,BTC-13AUG26-61000-P,65129.31,0.0005071,39.78,7.6,0.0004,0.0006,8.1,301.27
1786343237977,BTC-25JUN27-86000-P,67617.73,0.34084524,40.98,0.1,,,0.0,0.0
1786343237977,BTC-14AUG26-72000-P,65136.69,0.10550892,40.29,0.0,,,0.0,0.0
1786343237977,BTC-25JUN27-92000-P,67617.73,0.41323138,40.92,0.1,,,0.0,0.0
1786343237977,BTC-28AUG26-82000-C,65244.49,0.00022217,41.48,1506.4,0.0001,0.0003,0.0,0.0
1786343237977,BTC-25DEC26-104000-C,66193.15,0.00451266,41.04,87.2,0.0042,0.0048,1.2,352.37
1786343237977,BTC-25SEP26-66000-C,65471.32,0.04416571,33.82,1015.8,0.0435,0.0445,9.2,27577.8
1786343237977,BTC-11AUG26-67500-C,65111.21,0.00013203,32.52,57.4,0.0001,0.0002,57.2,782.03
1786343237977,BTC-25SEP26-155000-P,65471.32,1.36751926,75.11,0.1,,,0.0,0.0
1786343237977,BTC-25SEP26-105000-C,65471.32,0.00027549,50.08,1206.6,0.0002,0.0004,0.0,0.0
1786343237977,BTC-25DEC26-88000-C,66193.15,0.01516339,38.64,2612.4,0.0145,0.0155,12.1,11849.18
1786343237977,BTC-30OCT26-72000-C,65735.53,0.03258581,35.7,199.8,0.032,0.033,0.0,0.0
1786343237977,BTC-14AUG26-68000-P,65136.56,0.04519514,29.63,7.3,,,0.0,0.0
1786343237977,BTC-12AUG26-67500-C,65119.55,0.00046564,29.06,39.4,0.0004,0.0006,7.9,268.62
1786343237977,BTC-25JUN27-56000-P,67617.73,0.0802995,44.71,41.6,0.079,0.0815,0.0,0.0
1786343237977,BTC-13AUG26-65500-P,65129.31,0.01331145,27.87,0.0,0.0125,0.014,0.0,0.0
1786343237977,BTC-26MAR27-105000-P,66888.68,0.58413553,40.51,0.4,,,0.0,0.0
1786343237977,BTC-28AUG26-80000-P,65244.49,0.22644002,37.94,29.5,0.2185,0.2315,0.0,0.0
1786343237977,BTC-11AUG26-66500-P,65111.34,0.0219303,28.43,0.0,0.0001,,0.0,0.0
1786343237977,BTC-10AUG26-62000-C,65104.22,0.04768195,43.05,0.0,0.0001,,0.0,0.0
1786343237977,BTC-10AUG26-65500-P,65104.22,0.00612203,24.91,8.8,0.005,0.007,7.5,2975.36
1786343237977,BTC-30OCT26-63000-C,65735.66,0.09200973,37.66,117.3,0.0905,0.094,0.0,0.0
1786343237977,BTC-30OCT26-90000-P,65735.53,0.3723404,37.73,0.1,,,0.0,0.0
1786343237977,BTC-11AUG26-62000-P,65111.21,0.00014854,43.23,81.2,0.0001,0.0002,80.1,844.89
1786343237977,BTC-14AUG26-59000-C,65136.69,0.09457297,46.18,0.4,,,0.4,2535.41
1786343237977,BTC-12AUG26-60000-C,65119.74,0.07871368,47.04,0.0,,,0.0,0.0
1786343237977,BTC-25JUN27-105000-P,67617.73,0.5828037,41.21,0.1,,,0.0,0.0
1786343237977,BTC-28AUG26-52000-P,65244.49,0.00080542,50.48,1303.8,0.0007,0.0009,0.5,22.76
1786343237977,BTC-11AUG26-68000-P,65111.34,0.04442304,34.0,0.0,0.0001,,0.0,0.0
1786343237977,BTC-30OCT26-73000-P,65735.53,0.13911266,35.61,0.0,,,0.0,0.0
1786343237977,BTC-25SEP26-82000-P,65471.32,0.25458125,35.6,194.1,0.246,0.2605,0.0,0.0
1786343237977,BTC-26MAR27-112000-P,66888.68,0.6844098,41.05,0.1,,,0.0,0.0
1786343237977,BTC-14AUG26-60000-P,65136.56,0.00050575,41.66,2436.9,0.0004,0.0006,59.5,2324.74
1786343237977,BTC-25DEC26-58000-C,66193.15,0.17068407,42.22,41.8,0.1685,0.1725,0.0,0.0
1786343237977,BTC-28AUG26-65000-P,65244.49,0.02486481,30.12,871.9,0.024,0.0255,85.0,142689.23
1786343237977,BTC-11AUG26-63500-C,65111.21,0.02526637,31.45,0.0,0.0001,,0.0,0.0
1786343237977,BTC-30OCT26-56000-P,65735.53,0.0208725,41.48,31.7,0.02,0.0215,0.0,0.0
1786343237977,BTC-21AUG26-62000-C,65186.89,0.05421561,31.75,27.1,0.0515,0.059,1.0,3653.89
1786343237977,BTC-25SEP26-66000-P,65471.32,0.05224193,33.82,873.4,0.0515,0.0525,1.1,3768.13
1786343237977,BTC-13AUG26-65000-P,65129.39,0.00931879,28.15,0.0,0.0085,0.01,0.0,0.0
1786343237977,BTC-25JUN27-90000-C,67617.73,0.0575187,40.91,76.5,0.0565,0.0585,0.0,0.0
1786343237977,BTC-25DEC26-85000-C,66193.28,0.01996446,38.63,2232.3,0.0195,0.0205,0.2,263.79
1786343237977,BTC-25DEC26-98000-P,66193.15,0.48747741,40.1,1.2,,,0.0,0.0
1786343237977,BTC-28AUG26-90000-P,65244.49,0.37961429,53.3,11.1,,,0.0,0.0
1786343237977,BTC-26MAR27-78000-C,66888.68,0.06812869,39.85,430.5,0.0675,0.069,127.0,560933.85
1786343237977,BTC-28AUG26-85000-P,65244.49,0.30297665,44.84,0.8,,,0.0,0.0
1786343237977,BTC-25SEP26-200000-P,65471.32,2.05477796,75.38,0.1,,,0.0,0.0
1786343237977,BTC-28AUG26-68000-C,65244.49,0.01033625,28.95,1205.9,0.01,0.011,17.1,11738.67
1786343237977,BTC-11AUG26-67000-P,65111.21,0.02927447,30.22,0.2,0.0001,,0.0,0.0
1786343237977,BTC-28AUG26-52000-C,65244.49,0.20377663,50.48,51.0,0.2,0.209,0.0,0.0
1786343237977,BTC-25DEC26-78000-C,66193.15,0.03660871,38.45,539.8,0.036,0.037,126.5,301975.11
1786343237977,BTC-25SEP26-85000-P,65471.32,0.29961929,37.09,453.0,0.291,0.306,0.0,0.0
1786343237977,BTC-28AUG26-54000-C,65244.49,0.17357732,46.57,12.2,0.1695,0.179,0.0,0.0
1786343237977,BTC-13AUG26-63000-P,65129.31,0.00185199,32.01,2.9,0.0016,0.002,2.9,401.32
1786343237977,BTC-13AUG26-64500-P,65129.31,0.00623709,28.48,0.1,0.006,0.007,0.1,61.54
1786343237977,BTC-10AUG26-63500-P,65104.22,0.0,40.99,105.2,,0.0001,29.7,348.07
1786343237977,BTC-12AUG26-72000-P,65119.55,0.10569001,39.66,0.0,,,0.0,0.0
1786343237977,BTC-21AUG26-70000-C,65186.87,0.00179323,28.71,1394.8,0.0016,0.002,0.4,50.2
1786343237977,BTC-25DEC26-95000-P,66193.15,0.4438912,39.6,85.9,0.4315,0.4505,0.0,0.0
